Patient_ID,Label,ApEn
v286_v286.csv,1,0.7174143506037169
v286_v286.csv,1,0.6604377644878201
v286_v286.csv,1,0.6569866246407261
v286_v286.csv,1,0.5882314250871299
v286_v286.csv,1,0.6479298889655918
v286_v286.csv,1,0.7488495142439309
v286_v286.csv,1,0.8167132801805779
v286_v286.csv,1,0.7230154178940351
v286_v286.csv,1,0.7141464338328642
v286_v286.csv,1,0.5983091026111715
v286_v286.csv,1,0.6040850805598175
v286_v286.csv,1,0.608196412796012
v286_v286.csv,1,0.5663260125762877
v286_v286.csv,1,0.6041917876851337
v286_v286.csv,1,0.7112535624525473
v286_v286.csv,1,0.836208124665367
v286_v286.csv,1,0.7335322427260773
v286_v286.csv,1,0.5713213822503271
v286_v286.csv,1,0.5763873835230289
v286_v286.csv,1,0.6838320001432376
v286_v286.csv,1,0.7591191522961314
v286_v286.csv,1,0.6184289240587764
v286_v286.csv,1,0.6365276045145323
v286_v286.csv,1,0.7596328853729406
v286_v286.csv,1,0.5889841005582865
v286_v286.csv,1,0.7012397513503617
v286_v286.csv,1,0.7603020726887544
v286_v286.csv,1,0.7612398071693001
v286_v286.csv,1,0.7467436372481324
v286_v286.csv,1,0.5396503693053432
v286_v286.csv,1,0.516914193363585
v286_v286.csv,1,0.589791948770793
v286_v286.csv,1,0.7071626669372661
v286_v286.csv,1,0.7344353659339844
v286_v286.csv,1,0.7011523746774504
v286_v286.csv,1,0.6072079925504754
v286_v286.csv,1,0.6809320521662912
v286_v286.csv,1,0.7341172024733944
v286_v286.csv,1,0.7444524643459425
v286_v286.csv,1,0.757671056103475
v286_v286.csv,1,0.6836136045539178
v286_v286.csv,1,0.8122976603095657
v286_v286.csv,1,0.8339587858100095
v286_v286.csv,1,0.6579232011280625
v286_v286.csv,1,0.44427586205505465
v286_v286.csv,1,0.31032545493028696
v286_v286.csv,1,0.6617202613534232
v286_v286.csv,1,0.794154964811078
v286_v286.csv,1,0.6740902496163419
v286_v286.csv,1,0.814426949493106
v286_v286.csv,1,0.8000922089304701
v286_v286.csv,1,0.7137498048858197
v286_v286.csv,1,0.7090455065196064
v286_v286.csv,1,0.5003213085007174
v286_v286.csv,1,0.7163779139323845
v286_v286.csv,1,0.7099346370977346
v286_v286.csv,1,0.7504080776253312
v286_v286.csv,1,0.7519460135767586
v286_v286.csv,1,0.785622004219444
v286_v286.csv,1,0.6050868574725166
v286_v286.csv,1,0.5973990023430935
v286_v286.csv,1,0.7389495795272127
v286_v286.csv,1,0.8100122961851781
v286_v286.csv,1,0.7523597190514284
v286_v286.csv,1,0.7507235358221016
v286_v286.csv,1,0.6637239467136609
v286_v286.csv,1,0.7008656992502655
v286_v286.csv,1,0.6696016008857502
v286_v286.csv,1,0.7805644898516921
v286_v286.csv,1,0.7933843800058891
v286_v286.csv,1,0.7659704900216577
v286_v286.csv,1,0.7581296746504949
v286_v286.csv,1,0.6775096382535835
v286_v286.csv,1,0.639398761927612
v286_v286.csv,1,0.753151881622852
v286_v286.csv,1,0.7764325635213649
v286_v286.csv,1,0.7258521325472116
v286_v286.csv,1,0.597239904319522
v286_v286.csv,1,0.6768140451234612
v286_v286.csv,1,0.6685087573805424
v286_v286.csv,1,0.6270215699972743
v286_v286.csv,1,0.71364064019052
v286_v286.csv,1,0.7396909553276405
v286_v286.csv,1,0.6940122718176345
v286_v286.csv,1,0.7652415865628548
v286_v286.csv,1,0.7940789954446279
v286_v286.csv,1,0.70335647326104
v286_v286.csv,1,0.7810164757434106
v286_v286.csv,1,0.8013714778305943
v286_v286.csv,1,0.7350970997235242
v286_v286.csv,1,0.6339566901984655
v286_v286.csv,1,0.7106702452495717
v286_v286.csv,1,0.6527221529921983
v286_v286.csv,1,0.6875993182210407
v286_v286.csv,1,0.699324613997728
v286_v286.csv,1,0.7378926735173272
v286_v286.csv,1,0.7053854450586701
v286_v286.csv,1,0.6927368717133815
v286_v286.csv,1,0.7081675398677407
v286_v286.csv,1,0.615714992290465
v286_v286.csv,1,0.7566721689117966
v286_v286.csv,1,0.7395778321330435
v286_v286.csv,1,0.7341249704636956
v286_v286.csv,1,0.7098485578478209
v286_v286.csv,1,0.6928194125925895
v286_v286.csv,1,0.791174378176279
v286_v286.csv,1,0.6396060298242863
v286_v286.csv,1,0.5321927274234919
v286_v286.csv,1,0.5791357738372591
v286_v286.csv,1,0.5627372456483748
v286_v286.csv,1,0.6857545070411177
v286_v286.csv,1,0.7578385097623421
v286_v286.csv,1,0.7257532209117468
v286_v286.csv,1,0.750711271870995
v286_v286.csv,1,0.706468835091111
v286_v286.csv,1,0.724333757434529
v286_v286.csv,1,0.887250637459156
v286_v286.csv,1,0.8538439590636964
v286_v286.csv,1,0.7388199156289326
v286_v286.csv,1,0.6714892763249383
v286_v286.csv,1,0.6922483172838199
v286_v286.csv,1,0.5143916421320736
v286_v286.csv,1,0.4472845924885367
v286_v286.csv,1,0.6556068253729377
v286_v286.csv,1,0.6284991480048494
v286_v286.csv,1,0.582167963726115
v286_v286.csv,1,0.5922762318604966
v286_v286.csv,1,0.6408389934278027
v286_v286.csv,1,0.7693720800248771
v286_v286.csv,1,0.7944669715038208
v286_v286.csv,1,0.7128672623456946
v286_v286.csv,1,0.6585786633415256
v286_v286.csv,1,0.804778341744893
v286_v286.csv,1,0.7613808505183717
v286_v286.csv,1,0.6803431050054485
v286_v286.csv,1,0.4919692923215635
v286_v286.csv,1,0.6963843638378182
v286_v286.csv,1,0.8561675988344857
v286_v286.csv,1,0.6512730721573563
v286_v286.csv,1,0.6885681084769675
v286_v286.csv,1,0.6185511941879862
v286_v286.csv,1,0.6890758425099381
v286_v286.csv,1,0.7515470083842963
v286_v286.csv,1,0.7241140272882056
v286_v286.csv,1,0.6638216074068533
v286_v286.csv,1,0.6936665142917331
v286_v286.csv,1,0.7508558893475499
v286_v286.csv,1,0.7528840268436117
v286_v286.csv,1,0.7138177980911906
v286_v286.csv,1,0.734981664298187
v286_v286.csv,1,0.747597440742183
v286_v286.csv,1,0.6749678918357445
v286_v286.csv,1,0.5591698339236957
v286_v286.csv,1,0.6060626385889099
v286_v286.csv,1,0.7229396566032595
v286_v286.csv,1,0.6895220260256325
v286_v286.csv,1,0.738633403112547
v286_v286.csv,1,0.7267977446762219
v286_v286.csv,1,0.7347050668189836
v286_v286.csv,1,0.6596870913685122
v286_v286.csv,1,0.683684952327476
v286_v286.csv,1,0.6809752791646364
v286_v286.csv,1,0.7999517129909361
v286_v286.csv,1,0.6864664663841915
v286_v286.csv,1,0.668968172361426
v286_v286.csv,1,0.7050387232276338
v286_v286.csv,1,0.5936797706098633
v286_v286.csv,1,0.5704274192293917
v286_v286.csv,1,0.6012283372248839
v286_v286.csv,1,0.7058847530722723
v286_v286.csv,1,0.6760717905199138
v286_v286.csv,1,0.733792887076588
v286_v286.csv,1,0.7915812673533882
v286_v286.csv,1,0.7026396723999269
v286_v286.csv,1,0.6882726729430684
v286_v286.csv,1,0.6668850559165262
v286_v286.csv,1,0.651422816938243
v286_v286.csv,1,0.7164823210094684
v286_v286.csv,1,0.6869288494799646
v286_v286.csv,1,0.6628179527827838
v286_v286.csv,1,0.6866970822448804
v286_v286.csv,1,0.6129851574169947
v286_v286.csv,1,0.44305942867704795
v286_v286.csv,1,0.4131342496413759
v286_v286.csv,1,0.7031126273311492
v286_v286.csv,1,0.8110986920746903
v286_v286.csv,1,0.6913237380089758
v286_v286.csv,1,0.7365503217373432
v286_v286.csv,1,0.7087017753791973
v286_v286.csv,1,0.6165456900757071
v286_v286.csv,1,0.7023774087060577
v286_v286.csv,1,0.7644664352900068
v286_v286.csv,1,0.7415442688686151
v286_v286.csv,1,0.7121304678023166
v286_v286.csv,1,0.7172479794217108
v286_v286.csv,1,0.6178058996488272
v286_v286.csv,1,0.6632208740307277
v286_v286.csv,1,0.6991577037620282
v286_v286.csv,1,0.7131855546394599
v286_v286.csv,1,0.8150372735163054
v286_v286.csv,1,0.5522832194985439
v286_v286.csv,1,0.5562819833331685
v286_v286.csv,1,0.7837530814986287
v286_v286.csv,1,0.7545895223611443
v286_v286.csv,1,0.7490584717254642
v286_v286.csv,1,0.7559479952975536
v286_v286.csv,1,0.7717459616408542
v286_v286.csv,1,0.7976071929297972
v286_v286.csv,1,0.669105921620635
v286_v286.csv,1,0.6355811226050463
v286_v286.csv,1,0.7227912103643277
v286_v286.csv,1,0.806296412182534
v286_v286.csv,1,0.7339313738855622
v286_v286.csv,1,0.8445451895856726
v286_v286.csv,1,0.758956491765066
v286_v286.csv,1,0.7383585978703651
v286_v286.csv,1,0.6943090057473378
v286_v286.csv,1,0.8202163984521338
v286_v286.csv,1,0.7748643277655529
v286_v286.csv,1,0.6109399203897983
v286_v286.csv,1,0.6826243372413328
v286_v286.csv,1,0.5230083942883743
v286_v286.csv,1,0.4067163337758464
v286_v286.csv,1,0.6958245396679552
v286_v286.csv,1,0.7525667609934392
v286_v286.csv,1,0.730734269517836
v286_v286.csv,1,0.7413883444919116
v286_v286.csv,1,0.7884625339588016
v286_v286.csv,1,0.7163549731434076
v286_v286.csv,1,0.6482089383151397
v286_v286.csv,1,0.5724409749563604
v286_v286.csv,1,0.6391987668463592
v286_v286.csv,1,0.67056467166275
v286_v286.csv,1,0.7623123930395734
v286_v286.csv,1,0.7195182078970537
v286_v286.csv,1,0.698418552968536
v286_v286.csv,1,0.7841200361099658
v286_v286.csv,1,0.6376840539368205
v286_v286.csv,1,0.7000546480573151
v286_v286.csv,1,0.8342538302117077
v286_v286.csv,1,0.8542814558125214
v286_v286.csv,1,0.7185437626820455
v286_v286.csv,1,0.7389696985568741
v286_v286.csv,1,0.7567801949931208
v286_v286.csv,1,0.5332790920659249
v286_v286.csv,1,0.41871724011910905
v286_v286.csv,1,0.7390285054279011
v286_v286.csv,1,0.7096625464089112
v286_v286.csv,1,0.5871139911829912
v286_v286.csv,1,0.6556596447075536
v286_v286.csv,1,0.7171035275837432
v286_v286.csv,1,0.8471254913705946
v286_v286.csv,1,0.7082288687252722
v286_v286.csv,1,0.6192715159512026
v286_v286.csv,1,0.6132155243385622
v286_v286.csv,1,0.6597959758691605
v286_v286.csv,1,0.6216179160984869
v286_v286.csv,1,0.6873286321427443
v286_v286.csv,1,0.48034827766684307
v286_v286.csv,1,0.6239214467680547
v286_v286.csv,1,0.7441548301393843
v286_v286.csv,1,0.725173272931209
v286_v286.csv,1,0.6038732808980121
v286_v286.csv,1,0.7317895777515275
v286_v286.csv,1,0.7889406251078319
v286_v286.csv,1,0.7931664732566817
v286_v286.csv,1,0.7658626115209142
v286_v286.csv,1,0.7789345145183404
v286_v286.csv,1,0.7642926998013069
v286_v286.csv,1,0.7044486552671261
v286_v286.csv,1,0.7209707036405959
v286_v286.csv,1,0.7462989851775821
v286_v286.csv,1,0.5620319740270703
v286_v286.csv,1,0.5108211828378213
v286_v286.csv,1,0.6652933506069338
v286_v286.csv,1,0.6391094698058404
v286_v286.csv,1,0.6351653963541963
v286_v286.csv,1,0.7277186609680255
v286_v286.csv,1,0.8246833504764433
v286_v286.csv,1,0.7418270305031496
v286_v286.csv,1,0.6784854864913266
v286_v286.csv,1,0.7968015865625246
v286_v286.csv,1,0.8472725816815894
v286_v286.csv,1,0.7995656357334227
v286_v286.csv,1,0.5340335968932637
v286_v286.csv,1,0.5339874391275554
v286_v286.csv,1,0.65321830213606
v286_v286.csv,1,0.7208317478244806
v286_v286.csv,1,0.7449760079746657
v286_v286.csv,1,0.7316819561282646
v286_v286.csv,1,0.6461142872276979
v286_v286.csv,1,0.40503405827821704
v286_v286.csv,1,0.611940039755408
v286_v286.csv,1,0.781902019467009
v286_v286.csv,1,0.6715771598804912
v286_v286.csv,1,0.7317984846204433
v286_v286.csv,1,0.7039815941340546
v286_v286.csv,1,0.71206420640635
v286_v286.csv,1,0.6930566015520419
v286_v286.csv,1,0.6180342364310469
v286_v286.csv,1,0.6874012103032934
v286_v286.csv,1,0.6971120613814681
v286_v286.csv,1,0.7873737903994962
v286_v286.csv,1,0.7942833190693195
v286_v286.csv,1,0.7717561403881894
v286_v286.csv,1,0.6038860124156629
v286_v286.csv,1,0.5322825455014888
v286_v286.csv,1,0.6718352639998222
v286_v286.csv,1,0.7856481741948595
v286_v286.csv,1,0.7886606930154954
v286_v286.csv,1,0.8495926634734672
v286_v286.csv,1,0.5469249025120053
v286_v286.csv,1,0.48028531577833133
v286_v286.csv,1,0.8070348186308394
v286_v286.csv,1,0.8507608919122465
v286_v286.csv,1,0.8292688993076869
v286_v286.csv,1,0.8190793260460048
v286_v286.csv,1,0.7489255688954422
v286_v286.csv,1,0.8323454540985447
v286_v286.csv,1,0.6365103847599185
v286_v286.csv,1,0.7028765265348542
v286_v286.csv,1,0.6964480990854511
v286_v286.csv,1,0.6616778641212084
v286_v286.csv,1,0.8062141588101288
v286_v286.csv,1,0.8421415433209765
v286_v286.csv,1,0.8527104333060596
v286_v286.csv,1,0.6971874204954407
v286_v286.csv,1,0.6697623899214502
v286_v286.csv,1,0.8442154351559541
v286_v286.csv,1,0.6686862660551935
v286_v286.csv,1,0.5303483965627604
v286_v286.csv,1,0.6494622409577575
v286_v286.csv,1,0.5838755193155971
v286_v286.csv,1,0.6384204003313885
v286_v286.csv,1,0.7338554206677967
v286_v286.csv,1,0.5817839791307278
v286_v286.csv,1,0.6071317238444389
v286_v286.csv,1,0.7417248084189363
v286_v286.csv,1,0.7745048786347888
v286_v286.csv,1,0.7011674381957698
v286_v286.csv,1,0.7135419251330699
v286_v286.csv,1,0.8566806082053113
v286_v286.csv,1,0.8420252163341622
v286_v286.csv,1,0.7611097658033459
v286_v286.csv,1,0.6019810369092315
v286_v286.csv,1,0.4149275727558832
v286_v286.csv,1,0.5231477049417719
v286_v286.csv,1,0.6502481828505924
v286_v286.csv,1,0.6757374028595082
v286_v286.csv,1,0.7857682287734784
v286_v286.csv,1,0.7148775719458569
v286_v286.csv,1,0.5983400141535373
v286_v286.csv,1,0.7259068156650481
v286_v286.csv,1,0.8358878193347796
v286_v286.csv,1,0.7770143501793387
v286_v286.csv,1,0.650822083054174
v286_v286.csv,1,0.665267158035912
v286_v286.csv,1,0.7457024328686082
v286_v286.csv,1,0.694811804133256
v286_v286.csv,1,0.7480170245870905
v286_v286.csv,1,0.7807827307095203
v286_v286.csv,1,0.7403586748300293
v286_v286.csv,1,0.7858342479878262
v286_v286.csv,1,0.7190968373801527
v286_v286.csv,1,0.7705729725165256
v286_v286.csv,1,0.7315178216015226
v286_v286.csv,1,0.7212582801056691
v286_v286.csv,1,0.45821831618503195
v286_v286.csv,1,0.3637250070206388
v286_v286.csv,1,0.7169979757075708
v286_v286.csv,1,0.6323152956715785
v286_v286.csv,1,0.7048191837893687
v286_v286.csv,1,0.720390321250552
v286_v286.csv,1,0.7268339964341504
v286_v286.csv,1,0.7433038469113806
v286_v286.csv,1,0.7316196869032754
v286_v286.csv,1,0.7954080581651204
v286_v286.csv,1,0.8059284808332925
v286_v286.csv,1,0.7485784268516871
v286_v286.csv,1,0.7100083976729521
v286_v286.csv,1,0.7740196184989943
v286_v286.csv,1,0.6541989252061762
v286_v286.csv,1,0.7303654652208604
v286_v286.csv,1,0.7449162266466307
v286_v286.csv,1,0.6687306278233209
v286_v286.csv,1,0.629489949188061
v286_v286.csv,1,0.7764739226772881
v286_v286.csv,1,0.8223652466031366
v286_v286.csv,1,0.836136377087342
v286_v286.csv,1,0.7119104154691538
v286_v286.csv,1,0.7332168420601861
v286_v286.csv,1,0.7794570217962429
v286_v286.csv,1,0.7345480491765213
v286_v286.csv,1,0.7338711318025561
v286_v286.csv,1,0.6813451815996046
v286_v286.csv,1,0.695105037125801
v286_v286.csv,1,0.6665125339258795
v286_v286.csv,1,0.7489117708777391
v286_v286.csv,1,0.8177264204768737
v286_v286.csv,1,0.7184831772620504
v286_v286.csv,1,0.6800681526093109
v286_v286.csv,1,0.5960246055139962
v286_v286.csv,1,0.588488846377786
v286_v286.csv,1,0.6931208949734549
v286_v286.csv,1,0.6986901577090592
v286_v286.csv,1,0.7043988683402107
v286_v286.csv,1,0.7921167905307738
v286_v286.csv,1,0.717879593958739
v286_v286.csv,1,0.7234555106197305
v286_v286.csv,1,0.7273608643456866
v286_v286.csv,1,0.7738895355465472
v286_v286.csv,1,0.7351347801582064
v286_v286.csv,1,0.6915546840545352
v286_v286.csv,1,0.6441586996119248
v286_v286.csv,1,0.5998469716762642
v286_v286.csv,1,0.7481107940615375
v286_v286.csv,1,0.6954470259845849
v286_v286.csv,1,0.7224654287217254
v286_v286.csv,1,0.6714379240279027
v286_v286.csv,1,0.6615799785076004
v286_v286.csv,1,0.6842580342055014
v286_v286.csv,1,0.709209809952688
v286_v286.csv,1,0.5969791522926333
v286_v286.csv,1,0.6475625803019422
v286_v286.csv,1,0.7360988634169146
v286_v286.csv,1,0.8188634408579731
v286_v286.csv,1,0.7174584588562483
v286_v286.csv,1,0.6628289022308813
v286_v286.csv,1,0.6139538305510328
v286_v286.csv,1,0.5399675052379203
v286_v286.csv,1,0.7393970530214466
v286_v286.csv,1,0.7645687419768401
v286_v286.csv,1,0.6590756414769099
v286_v286.csv,1,0.7220505883387522
v286_v286.csv,1,0.7502382838420929
v286_v286.csv,1,0.70403999273557
v286_v286.csv,1,0.6976022446356391
v286_v286.csv,1,0.7577333343655752
v286_v286.csv,1,0.7284540414410468
v286_v286.csv,1,0.7372052560257121
v286_v286.csv,1,0.8109330922169256
v286_v286.csv,1,0.7029028351913569
v286_v286.csv,1,0.7232845517076685
v286_v286.csv,1,0.7334755407889033
v286_v286.csv,1,0.7749097498260964
v286_v286.csv,1,0.7301540298926112
v286_v286.csv,1,0.7049553643354707
v286_v286.csv,1,0.7911689685142584
v286_v286.csv,1,0.7532021054322651
v286_v286.csv,1,0.7675676640167755
v286_v286.csv,1,0.7023451511819525
v286_v286.csv,1,0.715996783345163
v286_v286.csv,1,0.788770996757501
v286_v286.csv,1,0.751765965815193
v286_v286.csv,1,0.7861603129363237
v286_v286.csv,1,0.6355072790115557
v286_v286.csv,1,0.5719108887302471
v286_v286.csv,1,0.6552407455552562
v286_v286.csv,1,0.6987199648037659
v286_v286.csv,1,0.8161837398756497
v286_v286.csv,1,0.8001825976064789
v286_v286.csv,1,0.7797984814586831
v286_v286.csv,1,0.7800573525713665
v286_v286.csv,1,0.8103307154468111
v286_v286.csv,1,0.8540870311838646
v286_v286.csv,1,0.8213152058315822
v286_v286.csv,1,0.8408386931242373
v286_v286.csv,1,0.7008476937080657
v286_v286.csv,1,0.5963742083212864
v286_v286.csv,1,0.7409173498966384
v286_v286.csv,1,0.7321765319661018
v286_v286.csv,1,0.6783297132364212
v286_v286.csv,1,0.8073960608461173
v286_v286.csv,1,0.7186959123926338
v286_v286.csv,1,0.6508269901664461
v286_v286.csv,1,0.6565189391864399
v286_v286.csv,1,0.7599345810715104
v286_v286.csv,1,0.7853037914523222
v286_v286.csv,1,0.7239171813102487
v286_v286.csv,1,0.8183121159337166
v286_v286.csv,1,0.7363539039003935
v286_v286.csv,1,0.7420605930411948
v286_v286.csv,1,0.7964533057383396
v286_v286.csv,1,0.7592765603416396
v286_v286.csv,1,0.7854685067606142
v286_v286.csv,1,0.7410313951846366
v286_v286.csv,1,0.7264902238322728
v286_v286.csv,1,0.619794990477867
v286_v286.csv,1,0.6191219368858429
v286_v286.csv,1,0.7234708396503935
v286_v286.csv,1,0.7590836582329579
v286_v286.csv,1,0.743402086384573
v286_v286.csv,1,0.7329373699445276
v286_v286.csv,1,0.7359217341599456
v286_v286.csv,1,0.6918363122819722
v286_v286.csv,1,0.5784978347073801
v286_v286.csv,1,0.649368255083508
v286_v286.csv,1,0.8029246029041728
v286_v286.csv,1,0.6662112714269353
v286_v286.csv,1,0.5282833181047866
v286_v286.csv,1,0.5668163694370052
v286_v286.csv,1,0.5582800753493804
v286_v286.csv,1,0.6241598682216751
v286_v286.csv,1,0.7517949471618253
v286_v286.csv,1,0.6621782680405519
v286_v286.csv,1,0.5980660202067747
v286_v286.csv,1,0.6867792949649685
v286_v286.csv,1,0.6756102939984792
v286_v286.csv,1,0.6259089964246543
v286_v286.csv,1,0.7897435459320805
v286_v286.csv,1,0.8028346700934716
v286_v286.csv,1,0.7152714891219794
v286_v286.csv,1,0.7349875751368122
v286_v286.csv,1,0.6862086967561503
v286_v286.csv,1,0.6244340132619457
v286_v286.csv,1,0.7225286216193423
v286_v286.csv,1,0.7620611801736987
v286_v286.csv,1,0.8269022887882373
v286_v286.csv,1,0.8173262760921087
v286_v286.csv,1,0.59890939276608
v286_v286.csv,1,0.6652153941981123
v286_v286.csv,1,0.6680669772879209
v286_v286.csv,1,0.6780877320229135
v286_v286.csv,1,0.8090546650659127
v286_v286.csv,1,0.6509530264174281
v286_v286.csv,1,0.5822739170442661
v286_v286.csv,1,0.7223145185584503
v286_v286.csv,1,0.7068614218612379
v286_v286.csv,1,0.7444006693171845
v286_v286.csv,1,0.7629954817534106
v286_v286.csv,1,0.6524335120114726
v286_v286.csv,1,0.6261578727547281
v286_v286.csv,1,0.7238122593653875
v286_v286.csv,1,0.6624218033036535
v286_v286.csv,1,0.6544483405379378
v286_v286.csv,1,0.7161089592881664
v286_v286.csv,1,0.6617845694728932
v286_v286.csv,1,0.5219566306304393
v286_v286.csv,1,0.6180350601168274
v286_v286.csv,1,0.8893103308910706
v286_v286.csv,1,0.8369949534140759
v286_v286.csv,1,0.6672330490915765
v286_v286.csv,1,0.6266841302805464
v286_v286.csv,1,0.6878993055694913
v286_v286.csv,1,0.6659591338671365
v286_v286.csv,1,0.5750587022555425
v286_v286.csv,1,0.5947660503889591
v286_v286.csv,1,0.6940364094451703
v286_v286.csv,1,0.7306177115117487
v286_v286.csv,1,0.7759838848406018
v286_v286.csv,1,0.707148041434706
v286_v286.csv,1,0.6721802586186589
v286_v286.csv,1,0.6887651718594241
v286_v286.csv,1,0.770469673825521
v286_v286.csv,1,0.8453885059073469
v286_v286.csv,1,0.7385659271003706
v286_v286.csv,1,0.678165405796257
v286_v286.csv,1,0.6192063905322711
v286_v286.csv,1,0.6156095026731476
v286_v286.csv,1,0.7713543456018246
v286_v286.csv,1,0.7362937907738769
v286_v286.csv,1,0.7289416010517402
v286_v286.csv,1,0.689156119285347
v286_v286.csv,1,0.6981970711591652
v286_v286.csv,1,0.828183921032835
v286_v286.csv,1,0.7824287637430669
v286_v286.csv,1,0.8384437706148922
v286_v286.csv,1,0.7913070448767439
v286_v286.csv,1,0.732969762558831
v286_v286.csv,1,0.7398046419420932
v286_v286.csv,1,0.811456527533573
v286_v286.csv,1,0.8642168907300727
v286_v286.csv,1,0.6007534136317023
v286_v286.csv,1,0.7102293293058795
v286_v286.csv,1,0.8016090374232858
v286_v286.csv,1,0.7766399923247378
v286_v286.csv,1,0.6597194094604637
v286_v286.csv,1,0.6410439377130239
v286_v286.csv,1,0.6271136833494495
v286_v286.csv,1,0.7010596749414453
v286_v286.csv,1,0.7144099037518292
v286_v286.csv,1,0.552168853546569
v286_v286.csv,1,0.6642090176863906
v286_v286.csv,1,0.813994717098518
v286_v286.csv,1,0.7523331428537063
v286_v286.csv,1,0.7501715831295819
v286_v286.csv,1,0.6319735169476117
v286_v286.csv,1,0.7256923251149341
v286_v286.csv,1,0.750043440428688
v286_v286.csv,1,0.8140341446452108
v286_v286.csv,1,0.5502537633088833
v286_v286.csv,1,0.648789351488793
v286_v286.csv,1,0.7874197332564137
v286_v286.csv,1,0.7762969366024812
v286_v286.csv,1,0.7948853858576785
v286_v286.csv,1,0.7001468171124223
v286_v286.csv,1,0.7058127064091462
v286_v286.csv,1,0.7714270658105211
v286_v286.csv,1,0.7401798354456548
v286_v286.csv,1,0.7592807443597418
v286_v286.csv,1,0.6256560203534001
v286_v286.csv,1,0.5246474229125604
v286_v286.csv,1,0.6554996840171192
v286_v286.csv,1,0.7769511221779748
v286_v286.csv,1,0.7051707479025007
v286_v286.csv,1,0.6356502675481566
v286_v286.csv,1,0.8159475017607649
v286_v286.csv,1,0.7688176808969938
v286_v286.csv,1,0.7348337508457665
v286_v286.csv,1,0.7421785322190777
v286_v286.csv,1,0.6902264892182126
v286_v286.csv,1,0.695614428052687
v286_v286.csv,1,0.6939362996430671
v286_v286.csv,1,0.5481616037937873
v286_v286.csv,1,0.502247710590566
v286_v286.csv,1,0.701319724340427
v286_v286.csv,1,0.643705445339176
v286_v286.csv,1,0.6863097637795961
v286_v286.csv,1,0.6920555226862226
v286_v286.csv,1,0.7713460268251455
v286_v286.csv,1,0.8990444185136912
v286_v286.csv,1,0.8027306825542571
v286_v286.csv,1,0.7868162096282263
v286_v286.csv,1,0.7972741356951878
v286_v286.csv,1,0.8174358825616364
v286_v286.csv,1,0.7814723249064293
v286_v286.csv,1,0.6834318826065684
v286_v286.csv,1,0.6711943045317734
v286_v286.csv,1,0.6210355620324632
v286_v286.csv,1,0.5134803663224874
v286_v286.csv,1,0.590016976669852
v286_v286.csv,1,0.670770778371903
v286_v286.csv,1,0.6908852150866127
v286_v286.csv,1,0.6299477398061675
v286_v286.csv,1,0.7310557990100133
v286_v286.csv,1,0.5985979289476289
v286_v286.csv,1,0.6513831085618969
v286_v286.csv,1,0.6888878378178065
v286_v286.csv,1,0.6836119565437309
v286_v286.csv,1,0.695628918227321
v286_v286.csv,1,0.7251616033201222
v286_v286.csv,1,0.5696385371748676
v286_v286.csv,1,0.6668935982518334
v286_v286.csv,1,0.6713790809300964
v286_v286.csv,1,0.7139259304644283
v286_v286.csv,1,0.7766605034122529
v286_v286.csv,1,0.8059086857721103
v286_v286.csv,1,0.878839378236242
v286_v286.csv,1,0.7305512793595774
v286_v286.csv,1,0.7415058995185326
v286_v286.csv,1,0.7325667557498314
v286_v286.csv,1,0.6674180946742871
v286_v286.csv,1,0.7609527514073902
v286_v286.csv,1,0.7951045046967464
v286_v286.csv,1,0.8514515986816935
v286_v286.csv,1,0.7756243827753688
v286_v286.csv,1,0.6814227585806907
v286_v286.csv,1,0.7235272178795715
v286_v286.csv,1,0.7924059895438518
v286_v286.csv,1,0.9218160341078598
v286_v286.csv,1,0.7843284081425148
v286_v286.csv,1,0.7091209376502339
v286_v286.csv,1,0.7135975861970478
v286_v286.csv,1,0.6708012884877137
v286_v286.csv,1,0.7750188649948226
v286_v286.csv,1,0.7268899247512906
v286_v286.csv,1,0.6839941418646318
v286_v286.csv,1,0.7460324981408277
v286_v286.csv,1,0.6929215685830483
v286_v286.csv,1,0.6515838793810476
v286_v286.csv,1,0.6049129769101063
v286_v286.csv,1,0.675839186849347
v286_v286.csv,1,0.7103934744335492
v286_v286.csv,1,0.8052231783129371
v286_v286.csv,1,0.7981759807156545
v286_v286.csv,1,0.7550714908513663
v286_v286.csv,1,0.7424944726945872
v286_v286.csv,1,0.6659944153651574
v286_v286.csv,1,0.8818094101554532
v286_v286.csv,1,0.8226326214319837
v286_v286.csv,1,0.6800825405087667
v286_v286.csv,1,0.728027109452829
v286_v286.csv,1,0.716550154464116
v286_v286.csv,1,0.6269069975912593
v286_v286.csv,1,0.8213826118265448
v286_v286.csv,1,0.6922100559487374
v286_v286.csv,1,0.6723316722042263
v286_v286.csv,1,0.7406252138496443
v286_v286.csv,1,0.6911198907108749
v286_v286.csv,1,0.7424025282045634
v286_v286.csv,1,0.6970032675671014
v286_v286.csv,1,0.7616702722196602
v286_v286.csv,1,0.7110885001851956
v286_v286.csv,1,0.7514528625091841
v286_v286.csv,1,0.7824901250709342
v286_v286.csv,1,0.783317796981764
v286_v286.csv,1,0.7032372167358618
v286_v286.csv,1,0.6170076925143833
v286_v286.csv,1,0.6317816405558232
v286_v286.csv,1,0.6534214500705047
v286_v286.csv,1,0.7142660832392109
v286_v286.csv,1,0.7181512795952285
v286_v286.csv,1,0.6317836973758064
v286_v286.csv,1,0.6261552891358564
v286_v286.csv,1,0.6840028666959985
v286_v286.csv,1,0.7654983910610724
v286_v286.csv,1,0.8285057516855421
v286_v286.csv,1,0.7963586915175034
v286_v286.csv,1,0.7299522083722891
v286_v286.csv,1,0.698405649047559
v286_v286.csv,1,0.7677188950057152
v286_v286.csv,1,0.7232264200962
v286_v286.csv,1,0.7938621174928211
v286_v286.csv,1,0.7770055760635213
v286_v286.csv,1,0.761301426844756
v286_v286.csv,1,0.7334801860816582
v286_v286.csv,1,0.6732209612791138
v286_v286.csv,1,0.6798452051901904
v286_v286.csv,1,0.7467181588258707
v286_v286.csv,1,0.7226378858609377
v286_v286.csv,1,0.7437377572918535
v286_v286.csv,1,0.7328564188807074
v286_v286.csv,1,0.6567275271538513
v286_v286.csv,1,0.6090337331925819
v286_v286.csv,1,0.6328263432283356
v286_v286.csv,1,0.8127169691156984
v286_v286.csv,1,0.7919432988436492
v286_v286.csv,1,0.6360329946702379
v286_v286.csv,1,0.7536772655314365
v286_v286.csv,1,0.8544845720597731
v286_v286.csv,1,0.7888545907063556
v286_v286.csv,1,0.6798541272720247
v286_v286.csv,1,0.7601351776781073
v286_v286.csv,1,0.769068500120881
v286_v286.csv,1,0.7222892260895302
v286_v286.csv,1,0.6916162358478601
v286_v286.csv,1,0.6168836395662631
v286_v286.csv,1,0.7269827988387441
v286_v286.csv,1,0.7169160753611119
v286_v286.csv,1,0.7369850176411568
v286_v286.csv,1,0.7803650870485646
v286_v286.csv,1,0.5731208331981756
v286_v286.csv,1,0.5152643956169332
v286_v286.csv,1,0.6168602206410725
v286_v286.csv,1,0.6534985803216853
v286_v286.csv,1,0.6685117557719304
v286_v286.csv,1,0.6966210531276489
v286_v286.csv,1,0.6379798912273058
v286_v286.csv,1,0.7042011673845758
v286_v286.csv,1,0.7173267876269356
v286_v286.csv,1,0.7159657718492722
v286_v286.csv,1,0.5371749798862111
v286_v286.csv,1,0.634173269451717
v286_v286.csv,1,0.6292072652321132
v286_v286.csv,1,0.6164956631887715
v286_v286.csv,1,0.6963473556786814
v286_v286.csv,1,0.5382225271913716
v286_v286.csv,1,0.6310894541216716
v286_v286.csv,1,0.629684361618223
v286_v286.csv,1,0.7425815844652242
v286_v286.csv,1,0.8261915344264494
v286_v286.csv,1,0.8130587488589822
v286_v286.csv,1,0.8012735532225306
v286_v286.csv,1,0.6854520632816441
v286_v286.csv,1,0.6923675397678357
v286_v286.csv,1,0.6764980363484394
v286_v286.csv,1,0.663914731149212
v286_v286.csv,1,0.7080688377048192
v286_v286.csv,1,0.7234141239689844
v286_v286.csv,1,0.7775101785229346
v286_v286.csv,1,0.7949646311238032
v286_v286.csv,1,0.7256954233716724
v286_v286.csv,1,0.7118825919228526
v286_v286.csv,1,0.7111161705459024
v286_v286.csv,1,0.6798561028296257
v286_v286.csv,1,0.7961940052553742
v286_v286.csv,1,0.6789078823827328
v286_v286.csv,1,0.6581182137785078
v286_v286.csv,1,0.6876854739941423
v286_v286.csv,1,0.7656434900686184
v286_v286.csv,1,0.6238490359618689
v286_v286.csv,1,0.5996457723853466
v286_v286.csv,1,0.7179021291526655
v286_v286.csv,1,0.5958623501781113
v286_v286.csv,1,0.5689590661565607
v286_v286.csv,1,0.7586954067795815
v286_v286.csv,1,0.7481565215074251
v286_v286.csv,1,0.6718018448502652
v286_v286.csv,1,0.7318561045902503
v286_v286.csv,1,0.7429956221850484
v286_v286.csv,1,0.7717775940121276
v286_v286.csv,1,0.682453893845604
v286_v286.csv,1,0.6580356221664774
v286_v286.csv,1,0.6973631258837587
v286_v286.csv,1,0.8126757171485717
v286_v286.csv,1,0.7666397131211151
v286_v286.csv,1,0.6947899896882865
v286_v286.csv,1,0.6030871041080843
v286_v286.csv,1,0.6310795220804613
v286_v286.csv,1,0.8133031391395042
v286_v286.csv,1,0.7289892001544138
v286_v286.csv,1,0.7387955124558103
v286_v286.csv,1,0.6948591183403412
v286_v286.csv,1,0.7110006539248062
v286_v286.csv,1,0.6294651974431718
v286_v286.csv,1,0.5403280179054621
v286_v286.csv,1,0.719706761861584
v286_v286.csv,1,0.7841349756373073
v286_v286.csv,1,0.757107387190143
v286_v286.csv,1,0.681132012577021
v286_v286.csv,1,0.6303205650677586
v286_v286.csv,1,0.729136859175378
v286_v286.csv,1,0.6942281742493548
v286_v286.csv,1,0.6427282556154075
v286_v286.csv,1,0.7238087812627421
v286_v286.csv,1,0.7647215625641004
v286_v286.csv,1,0.6486542657121461
v286_v286.csv,1,0.6865232414858027
v286_v286.csv,1,0.6437035248427319
v286_v286.csv,1,0.7940632367049991
v286_v286.csv,1,0.7986075492493514
v286_v286.csv,1,0.7586892595094707
v286_v286.csv,1,0.6991865445943897
v286_v286.csv,1,0.7119530368644704
v286_v286.csv,1,0.7194036678093343
v286_v286.csv,1,0.747276788377754
v286_v286.csv,1,0.812137827307581
v286_v286.csv,1,0.7087422822427878
v286_v286.csv,1,0.6779639325276992
v286_v286.csv,1,0.7079834584796179
v286_v286.csv,1,0.5987354594325027
v286_v286.csv,1,0.6452809991069643
v286_v286.csv,1,0.7579312607048205
v286_v286.csv,1,0.7065195240743805
v286_v286.csv,1,0.7075450970867605
v286_v286.csv,1,0.7174696232956257
v286_v286.csv,1,0.5451198435394766
v286_v286.csv,1,0.5890376698832389
v286_v286.csv,1,0.7950284442542457
v286_v286.csv,1,0.6669909994358592
v286_v286.csv,1,0.7233661186328963
v286_v286.csv,1,0.625081827759546
v286_v286.csv,1,0.6117979482634976
v286_v286.csv,1,0.7366691414191142
v286_v286.csv,1,0.7418390510452788
v286_v286.csv,1,0.7562016352260725
v286_v286.csv,1,0.6744172735805938
v286_v286.csv,1,0.6606435755931028
v286_v286.csv,1,0.6891016398155538
v286_v286.csv,1,0.7186926034664531
v286_v286.csv,1,0.8032811903000181
v286_v286.csv,1,0.7695320556702958
v286_v286.csv,1,0.8394541592935703
v286_v286.csv,1,0.8532346850990167
v286_v286.csv,1,0.7966345363062017
v286_v286.csv,1,0.6527417578509023
v286_v286.csv,1,0.7294305423033123
v286_v286.csv,1,0.6937807305111767
v286_v286.csv,1,0.5327781716663518
v286_v286.csv,1,0.506200041859135
v286_v286.csv,1,0.5829477075767318
v286_v286.csv,1,0.6734118121528403
v286_v286.csv,1,0.5584853219015047
v286_v286.csv,1,0.34446332443267513
v286_v286.csv,1,0.5906569275382836
v286_v286.csv,1,0.7747796690037174
v286_v286.csv,1,0.8227698983102529
v286_v286.csv,1,0.8004730600873624
v286_v286.csv,1,0.6237830973993761
v286_v286.csv,1,0.5877852335101421
v286_v286.csv,1,0.6997464749414268
v286_v286.csv,1,0.5972767869011388
v286_v286.csv,1,0.6694390106464381
v286_v286.csv,1,0.6193108217641079
v286_v286.csv,1,0.582936417851804
v286_v286.csv,1,0.6552910309065054
v286_v286.csv,1,0.7695390276806733
v286_v286.csv,1,0.8294599026652199
v286_v286.csv,1,0.7957136568008041
v286_v286.csv,1,0.6289427636457652
v286_v286.csv,1,0.6541313967397686
v286_v286.csv,1,0.8171340635525581
v286_v286.csv,1,0.6472435125037657
v286_v286.csv,1,0.7458788859503054
v286_v286.csv,1,0.73800169154612
v286_v286.csv,1,0.8341416764456699
v286_v286.csv,1,0.7373159239470373
v286_v286.csv,1,0.7130099802592103
v286_v286.csv,1,0.8165362629993558
v286_v286.csv,1,0.78526303589494
v286_v286.csv,1,0.6936675208924674
v286_v286.csv,1,0.6622119041931955
v286_v286.csv,1,0.7082327705729523
v286_v286.csv,1,0.6526059418756982
v286_v286.csv,1,0.6660491239078259
v286_v286.csv,1,0.7791124288009041
v286_v286.csv,1,0.8101628883777141
v286_v286.csv,1,0.8814241123389688
v286_v286.csv,1,0.8195510776028914
v286_v286.csv,1,0.7569633931349697
v286_v286.csv,1,0.8035414219183603
v286_v286.csv,1,0.8048126984015309
v286_v286.csv,1,0.7965947575415901
v286_v286.csv,1,0.7760081249435862
v286_v286.csv,1,0.7596349624111309
v286_v286.csv,1,0.7743133275314968
v286_v286.csv,1,0.6984377788575746
v286_v286.csv,1,0.7667137109529603
v286_v286.csv,1,0.7932439986735695
v286_v286.csv,1,0.8771761243637926
v286_v286.csv,1,0.8846005946794735
v286_v286.csv,1,0.7920214839130342
v286_v286.csv,1,0.6536857506723059
v286_v286.csv,1,0.6738158995736119
v286_v286.csv,1,0.5926279603761011
v286_v286.csv,1,0.7606436241642247
v286_v286.csv,1,0.8143972547129783
v286_v286.csv,1,0.782962880900123
v286_v286.csv,1,0.8380139230034289
v286_v286.csv,1,0.8190826391408885
v286_v286.csv,1,0.6575557880424778
v286_v286.csv,1,0.5620418686650197
v286_v286.csv,1,0.7605213541906988
v286_v286.csv,1,0.7892976469207769
v286_v286.csv,1,0.7042108145094041
v286_v286.csv,1,0.6961464923850134
v286_v286.csv,1,0.6688835346148547
v286_v286.csv,1,0.6635241751171321
v286_v286.csv,1,0.8080209149703075
v286_v286.csv,1,0.7492379075867337
v286_v286.csv,1,0.8339539119732917
v286_v286.csv,1,0.7341408270009464
v286_v286.csv,1,0.7589077801648081
v286_v286.csv,1,0.8098720591019744
v286_v286.csv,1,0.7038754005936427
v286_v286.csv,1,0.6492919592606139
v286_v286.csv,1,0.8192883799108119
v286_v286.csv,1,0.7918878837539074
v286_v286.csv,1,0.808238622660963
v286_v286.csv,1,0.7525268738140949
v286_v286.csv,1,0.708883082477449
v286_v286.csv,1,0.7570656363279089
v286_v286.csv,1,0.7949704768230763
v286_v286.csv,1,0.8368303172342348
v286_v286.csv,1,0.8058564432561148
v286_v286.csv,1,0.7114480760790669
v286_v286.csv,1,0.6603164975503084
v286_v286.csv,1,0.7040134698007288
v286_v286.csv,1,0.8062855232508457
v286_v286.csv,1,0.7776071570226741
v286_v286.csv,1,0.7309649010735093
v286_v286.csv,1,0.7158542234732783
v286_v286.csv,1,0.7039370411550063
v286_v286.csv,1,0.6884776470660601
v286_v286.csv,1,0.7252595055288329
v286_v286.csv,1,0.7723664593077118
v286_v286.csv,1,0.7357996975461041
v286_v286.csv,1,0.7401934266347112
v286_v286.csv,1,0.6768563675148038
v286_v286.csv,1,0.5919385189497888
v286_v286.csv,1,0.5895136373397918
v286_v286.csv,1,0.6578596871794082
v286_v286.csv,1,0.7032598297090518
v286_v286.csv,1,0.8449409813398248
v286_v286.csv,1,0.7645243083417634
v286_v286.csv,1,0.7903082439550242
v286_v286.csv,1,0.7788872177624673
v286_v286.csv,1,0.6594664146169311
v286_v286.csv,1,0.7041094476208545
v286_v286.csv,1,0.739941021565512
v286_v286.csv,1,0.712701219944933
v286_v286.csv,1,0.7304528096540728
v286_v286.csv,1,0.8019511078365031
v286_v286.csv,1,0.7381872292060425
v286_v286.csv,1,0.6103152010160038
v286_v286.csv,1,0.6729069999543338
v286_v286.csv,1,0.7272031897269167
v286_v286.csv,1,0.818365544984387
v286_v286.csv,1,0.8610410136957691
v286_v286.csv,1,0.6760397413434704
v286_v286.csv,1,0.6466708241145871
v286_v286.csv,1,0.49091629074581267
v286_v286.csv,1,0.3695664610434628
v286_v286.csv,1,0.6063632696078551
v286_v286.csv,1,0.5831284899734896
v286_v286.csv,1,0.6252176500545561
v286_v286.csv,1,0.5779728359066372
v286_v286.csv,1,0.6549619893844518
v286_v286.csv,1,0.6728863117284596
v286_v286.csv,1,0.6714703470164975
v286_v286.csv,1,0.6091992702464024
v286_v286.csv,1,0.6067496594174342
v286_v286.csv,1,0.6617913669937616
v286_v286.csv,1,0.7392390499740853
v286_v286.csv,1,0.6099996628653601
v286_v286.csv,1,0.5756496539643905
v286_v286.csv,1,0.5267489284574225
v286_v286.csv,1,0.6786642892911972
v286_v286.csv,1,0.6561086846945172
v286_v286.csv,1,0.7211530080550776
v286_v286.csv,1,0.6566825014531328
v286_v286.csv,1,0.6492158672505783
v286_v286.csv,1,0.6554038075581099
v286_v286.csv,1,0.6831016789298636
v286_v286.csv,1,0.6581961144845718
v286_v286.csv,1,0.5841634502674449
v286_v286.csv,1,0.579125052615872
v286_v286.csv,1,0.6104761441498248
v286_v286.csv,1,0.5919742514877808
v286_v286.csv,1,0.6649355365470715
v286_v286.csv,1,0.7068073886524431
v286_v286.csv,1,0.71088390100563
v286_v286.csv,1,0.715398262349709
v286_v286.csv,1,0.7258743247582009
v286_v286.csv,1,0.6188486621855351
v286_v286.csv,1,0.6140767586325824
v286_v286.csv,1,0.6636708732625434
v286_v286.csv,1,0.6981019051088895
v286_v286.csv,1,0.6326872308831555
v286_v286.csv,1,0.5697174285105522
v286_v286.csv,1,0.7445035424254955
v286_v286.csv,1,0.7080617185304017
v286_v286.csv,1,0.5445919907851113
v286_v286.csv,1,0.5727234400715995
v286_v286.csv,1,0.7347964940748319
v286_v286.csv,1,0.7133469647166453
v286_v286.csv,1,0.6390140890967224
v286_v286.csv,1,0.7413204443078674
v286_v286.csv,1,0.6601827826979796
v286_v286.csv,1,0.6585443256423114
v286_v286.csv,1,0.6476760215281723
v286_v286.csv,1,0.6258915056487053
v286_v286.csv,1,0.7009129074354505
v286_v286.csv,1,0.6282616228396072
v286_v286.csv,1,0.5888534107035017
v286_v286.csv,1,0.6181809289589157
v286_v286.csv,1,0.630329619631532
v286_v286.csv,1,0.6711969300481067
v286_v286.csv,1,0.6012090648258819
v286_v286.csv,1,0.6594037063513962
v286_v286.csv,1,0.6932226714580008
v286_v286.csv,1,0.7230945818882133
v286_v286.csv,1,0.7414810470394624
v286_v286.csv,1,0.6594155203496461
v286_v286.csv,1,0.6559478687636355
v286_v286.csv,1,0.6028119040789535
v286_v286.csv,1,0.6557566324629209
v286_v286.csv,1,0.6277024369140043
v286_v286.csv,1,0.5333558625923702
v286_v286.csv,1,0.5709572857750214
v286_v286.csv,1,0.7664616657847447
v286_v286.csv,1,0.7682217871592099
v286_v286.csv,1,0.5970134581759541
v286_v286.csv,1,0.5426282489218002
v286_v286.csv,1,0.6770353636790478
v286_v286.csv,1,0.6482285405446389
v286_v286.csv,1,0.6458468905391226
v286_v286.csv,1,0.727118138927791
v286_v286.csv,1,0.6770879391418507
v286_v286.csv,1,0.7014410248469938
v286_v286.csv,1,0.6335704760092584
v286_v286.csv,1,0.5974246398326324
v286_v286.csv,1,0.5522909974491137
v286_v286.csv,1,0.6433243884450977
v286_v286.csv,1,0.6878318179076062
v286_v286.csv,1,0.6572795445261019
v286_v286.csv,1,0.7415095533003857
v286_v286.csv,1,0.7541889054692894
v286_v286.csv,1,0.7106426246911437
v286_v286.csv,1,0.6074424260852864
v286_v286.csv,1,0.660134367520103
v286_v286.csv,1,0.6049189401295543
v286_v286.csv,1,0.6289142302659796
v286_v286.csv,1,0.5801556740665887
v286_v286.csv,1,0.6076369916064017
v286_v286.csv,1,0.5902161328158955
v286_v286.csv,1,0.5894883699946019
v286_v286.csv,1,0.6067827104295072
v286_v286.csv,1,0.6280666187105668
v286_v286.csv,1,0.5559708456284458
v286_v286.csv,1,0.6110197571111735
v286_v286.csv,1,0.636905402766204
v286_v286.csv,1,0.673324622949929
v286_v286.csv,1,0.7540213228751305
v286_v286.csv,1,0.7281166975950311
v286_v286.csv,1,0.6551110065658912
v286_v286.csv,1,0.7204129249175826
v286_v286.csv,1,0.6493760974297524
v286_v286.csv,1,0.6831127314057439
v286_v286.csv,1,0.5405822044102937
v286_v286.csv,1,0.5421145324549368
v286_v286.csv,1,0.5895552680454372
v286_v286.csv,1,0.5727993309803958
v286_v286.csv,1,0.5848543701894631
v286_v286.csv,1,0.7374944797932677
v286_v286.csv,1,0.6489211984120971
v286_v286.csv,1,0.5206068548384017
v286_v286.csv,1,0.6167773183536651
v286_v286.csv,1,0.6775740916644719
v286_v286.csv,1,0.6057421247796295
v286_v286.csv,1,0.7089712386780671
v286_v286.csv,1,0.6912310262907986
v286_v286.csv,1,0.7212034813422918
v286_v286.csv,1,0.7179293313261628
v286_v286.csv,1,0.4957426501101607
v286_v286.csv,1,0.4931667518767999
v286_v286.csv,1,0.5314604366617091
v286_v286.csv,1,0.6038592936097622
v286_v286.csv,1,0.6400071475209153
v286_v286.csv,1,0.6377122095324395
v286_v286.csv,1,0.7615980507621218
v286_v286.csv,1,0.6301999335065149
v286_v286.csv,1,0.6721097039786583
v286_v286.csv,1,0.7429127092421433
v286_v286.csv,1,0.6664990446717631
v286_v286.csv,1,0.6390451323849748
v286_v286.csv,1,0.7172336592489152
v286_v286.csv,1,0.6506597956863165
v286_v286.csv,1,0.6887709599535405
v286_v286.csv,1,0.7025157737938152
v286_v286.csv,1,0.689635104362289
v286_v286.csv,1,0.7235749416271493
v286_v286.csv,1,0.6593898675008196
v286_v286.csv,1,0.6944396248822908
v286_v286.csv,1,0.7529676916452233
v286_v286.csv,1,0.6501625896225942
v286_v286.csv,1,0.6033706734587132
v286_v286.csv,1,0.6896417450783012
v286_v286.csv,1,0.6965271461997924
v286_v286.csv,1,0.7521659004889214
v286_v286.csv,1,0.7722528421321262
v286_v286.csv,1,0.7518933745340663
v286_v286.csv,1,0.6859649435180248
v286_v286.csv,1,0.6422604147010644
v286_v286.csv,1,0.6864037001156733
v286_v286.csv,1,0.6931270394860363
v286_v286.csv,1,0.8008957200502822
v286_v286.csv,1,0.8083006763143317
v286_v286.csv,1,0.7770966138595696
v286_v286.csv,1,0.7362023201960772
v286_v286.csv,1,0.7316355573760562
v286_v286.csv,1,0.6534741809782565
v286_v286.csv,1,0.6882893474180776
v286_v286.csv,1,0.7357579586692604
v286_v286.csv,1,0.6877145889697274
v286_v286.csv,1,0.7429147593903602
v286_v286.csv,1,0.6968002223546823
v286_v286.csv,1,0.683195079713828
v286_v286.csv,1,0.6115359617034466
v286_v286.csv,1,0.7612395346232494
v286_v286.csv,1,0.6625527615762561
v286_v286.csv,1,0.5854861009841712
v286_v286.csv,1,0.6709482056416158
v286_v286.csv,1,0.6052161623356649
v286_v286.csv,1,0.7319785240137815
v286_v286.csv,1,0.780711484420404
v286_v286.csv,1,0.8115575428874666
v286_v286.csv,1,0.7147140113617549
v286_v286.csv,1,0.6090854554168486
v286_v286.csv,1,0.6509298684428373
v286_v286.csv,1,0.6875877192796347
v286_v286.csv,1,0.7188194730441637
v286_v286.csv,1,0.6620745527447909
v286_v286.csv,1,0.6196287437084935
v286_v286.csv,1,0.687868697233438
v286_v286.csv,1,0.753254764717719
v286_v286.csv,1,0.7840210894804729
v286_v286.csv,1,0.7425150449216522
v286_v286.csv,1,0.6774777201207827
v286_v286.csv,1,0.6904033398492113
v286_v286.csv,1,0.7013248607949638
v286_v286.csv,1,0.6888960895335061
v286_v286.csv,1,0.6533624140528165
v286_v286.csv,1,0.5850534833555967
v286_v286.csv,1,0.6486107949227695
v286_v286.csv,1,0.6036664300508332
v286_v286.csv,1,0.6392888404490611
v286_v286.csv,1,0.7015926989484131
v286_v286.csv,1,0.647749829703911
v286_v286.csv,1,0.686380978397882
v286_v286.csv,1,0.7395198614378851
v286_v286.csv,1,0.669848289743141
v286_v286.csv,1,0.6499041302943374
v286_v286.csv,1,0.7039810777094084
v286_v286.csv,1,0.6678134396289472
v286_v286.csv,1,0.8152581143787891
v286_v286.csv,1,0.7396016235338543
v286_v286.csv,1,0.7339206298294867
v286_v286.csv,1,0.7063329609853848
v286_v286.csv,1,0.7687081298102942
v286_v286.csv,1,0.814456603621112
v286_v286.csv,1,0.6699926299280965
v286_v286.csv,1,0.6098903840653307
v286_v286.csv,1,0.7385133153492536
v286_v286.csv,1,0.7481261891889308
v286_v286.csv,1,0.687019819238829
v286_v286.csv,1,0.6842671051306244
v286_v286.csv,1,0.8117183640361625
v286_v286.csv,1,0.8343548047774116
v286_v286.csv,1,0.7829271343492605
v286_v286.csv,1,0.6786063920621612
v286_v286.csv,1,0.6821272880705918
v286_v286.csv,1,0.6824908981745259
v286_v286.csv,1,0.6593670873429835
v286_v286.csv,1,0.6049328835002359
v286_v286.csv,1,0.6763835054903078
v286_v286.csv,1,0.7252473428413269
v286_v286.csv,1,0.7213598723675916
v286_v286.csv,1,0.6719999378243608
v286_v286.csv,1,0.6560670477851489
v286_v286.csv,1,0.6401741582123126
v286_v286.csv,1,0.6315056143270068
v286_v286.csv,1,0.5296922658129257
v286_v286.csv,1,0.6820379210664513
v286_v286.csv,1,0.6828947520412587
v286_v286.csv,1,0.7193726449715445
v286_v286.csv,1,0.7104614861296681
v286_v286.csv,1,0.6977996634166583
v286_v286.csv,1,0.7112437226368211
v286_v286.csv,1,0.6893990088134503
v286_v286.csv,1,0.7544100628476045
v286_v286.csv,1,0.7630869065291956
v286_v286.csv,1,0.6578165632327537
v286_v286.csv,1,0.7029106204801545
v286_v286.csv,1,0.6921311499369267
v286_v286.csv,1,0.7234347390067195
v286_v286.csv,1,0.7278929345267762
v286_v286.csv,1,0.6093463064556639
v286_v286.csv,1,0.6188467709128931
v286_v286.csv,1,0.50808068739271
v286_v286.csv,1,0.7817896455588542
v286_v286.csv,1,0.3981961457962435
v286_v286.csv,1,0.19999126078294793
v286_v286.csv,1,0.42098289911236364
v286_v286.csv,1,0.622117735368799
v286_v286.csv,1,0.6516217743192083
v286_v286.csv,1,0.7097068087397549
v286_v286.csv,1,0.679220051058488
v286_v286.csv,1,0.6595669616972679
v286_v286.csv,1,0.6740233908716795
v286_v286.csv,1,0.6247351551701219
v286_v286.csv,1,0.5975251015985257
v286_v286.csv,1,0.4161953465232666
v286_v286.csv,1,0.4020614648193437
v286_v286.csv,1,0.6870428255719783
v286_v286.csv,1,0.7316789308258356
v286_v286.csv,1,0.8027470385825337
v286_v286.csv,1,0.7206128695940737
v286_v286.csv,1,0.728154703603598
v286_v286.csv,1,0.7369160680255664
v286_v286.csv,1,0.7279992348908508
v286_v286.csv,1,0.7029237448962724
v286_v286.csv,1,0.6840165899611876
v286_v286.csv,1,0.7073152604766424
v286_v286.csv,1,0.7691836410695392
v286_v286.csv,1,0.6877341618573727
v286_v286.csv,1,0.5208211077201739
v286_v286.csv,1,0.5950819368514879
v286_v286.csv,1,0.6015856588603863
v286_v286.csv,1,0.41755871216609064
v286_v286.csv,1,0.43434737180888394
v286_v286.csv,1,0.5739343547468994
v286_v286.csv,1,0.6454315988193144
v286_v286.csv,1,0.6914566051424806
v286_v286.csv,1,0.808813750749191
v286_v286.csv,1,0.9161423595975302
v286_v286.csv,1,0.8174707860222563
v286_v286.csv,1,0.7618115373420529
v286_v286.csv,1,0.5064849069543564
v286_v286.csv,1,0.3795855651493434
v286_v286.csv,1,0.5489214048641187
v286_v286.csv,1,0.6860703669345911
v286_v286.csv,1,0.7338764377453302
v286_v286.csv,1,0.49328815961494854
v286_v286.csv,1,0.42815613722915513
v286_v286.csv,1,0.6525695936474385
v286_v286.csv,1,0.7681862175149439
v286_v286.csv,1,0.7750262589270931
v286_v286.csv,1,0.7607494079975403
v286_v286.csv,1,0.7927588795695995
v286_v286.csv,1,0.7684035799921007
v286_v286.csv,1,0.7106810065436329
v286_v286.csv,1,0.44757790430708866
v286_v286.csv,1,0.3346756247396083
v286_v286.csv,1,0.6291898247817236
v286_v286.csv,1,0.7206963281952179
v286_v286.csv,1,0.8186646070893859
v286_v286.csv,1,0.8100444742141244
v286_v286.csv,1,0.6938626783547202
v286_v286.csv,1,0.5562732783024189
v286_v286.csv,1,0.48544511922383116
v286_v286.csv,1,0.5890581999461064
v286_v286.csv,1,0.7088506615111156
v286_v286.csv,1,0.7625845863931802
v286_v286.csv,1,0.6867601600285953
v286_v286.csv,1,0.494672244372389
v286_v286.csv,1,0.4480523955293978
v286_v286.csv,1,0.5658592342502984
v286_v286.csv,1,0.6869818221135549
v286_v286.csv,1,0.7222285399516388
v286_v286.csv,1,0.7740689396060905
v286_v286.csv,1,0.8122652035090252
v286_v286.csv,1,0.6825478068750339
v286_v286.csv,1,0.5870715746956643
v286_v286.csv,1,0.6382506277046884
v286_v286.csv,1,0.7399850369488563
v286_v286.csv,1,0.6222950757150709
v286_v286.csv,1,0.6138130753577022
v286_v286.csv,1,0.6276325361897181
v286_v286.csv,1,0.6770361997477208
v286_v286.csv,1,0.6275529547550218
v286_v286.csv,1,0.7271511423142525
v286_v286.csv,1,0.6419629397722053
v286_v286.csv,1,0.577465023703037
v286_v286.csv,1,0.7054911998512199
v286_v286.csv,1,0.7241453428070739
v286_v286.csv,1,0.6419775688611558
v286_v286.csv,1,0.7128832975182866
v286_v286.csv,1,0.7626801883842336
v286_v286.csv,1,0.737513620898572
v286_v286.csv,1,0.6814979731641992
v286_v286.csv,1,0.6250524029356512
v286_v286.csv,1,0.7449958338444658
v286_v286.csv,1,0.8055099383974418
v286_v286.csv,1,0.7957101565014146
v286_v286.csv,1,0.8151617803788533
v286_v286.csv,1,0.6865933617749405
v286_v286.csv,1,0.8604122003752681
v286_v286.csv,1,0.539023383904135
v286_v286.csv,1,0.317032819353547
v286_v286.csv,1,0.6349897496771955
v286_v286.csv,1,0.7389608415629123
v286_v286.csv,1,0.7766984625552613
v286_v286.csv,1,0.7270625472585701
v286_v286.csv,1,0.7990427347045728
v286_v286.csv,1,0.6988255042995553
v286_v286.csv,1,0.8013197814732549
v286_v286.csv,1,0.8135110877692604
v286_v286.csv,1,0.688212210889771
v286_v286.csv,1,0.4916859955676123
v286_v286.csv,1,0.5807328927352926
v286_v286.csv,1,0.7555001575034264
v286_v286.csv,1,0.7675924817905946
v286_v286.csv,1,0.6494030437038352
v286_v286.csv,1,0.6573247709450261
v286_v286.csv,1,0.7736770113270022
v286_v286.csv,1,0.7613619093878152
v286_v286.csv,1,0.7340115810646495
v286_v286.csv,1,0.8736055740906323
v286_v286.csv,1,0.844271474215085
v286_v286.csv,1,0.6850352899923315
v286_v286.csv,1,0.6684690132277318
v286_v286.csv,1,0.501174877744869
v286_v286.csv,1,0.6987056126113433
v286_v286.csv,1,0.6517490513837152
v286_v286.csv,1,0.5874881672617143
v286_v286.csv,1,0.6488580526558159
v286_v286.csv,1,0.7519810360604597
v286_v286.csv,1,0.7665058586611613
v286_v286.csv,1,0.7619765351983991
v286_v286.csv,1,0.46548451836760574
v286_v286.csv,1,0.5785571886106311
v286_v286.csv,1,0.6242996533860792
v286_v286.csv,1,0.6638572181660916
v286_v286.csv,1,0.7252378465650158
v286_v286.csv,1,0.6008012338212372
v286_v286.csv,1,0.6666041961753217
v286_v286.csv,1,0.7112213279144144
v286_v286.csv,1,0.3250796391462121
v286_v286.csv,1,0.23809418352459177
v286_v286.csv,1,0.4819308344533719
v286_v286.csv,1,0.6377774115947612
v286_v286.csv,1,0.5952699022975856
v286_v286.csv,1,0.7201585275136382
v286_v286.csv,1,0.820523134364326
v286_v286.csv,1,0.7789867310273193
v286_v286.csv,1,0.8198015742158393
v286_v286.csv,1,0.7561953418391938
v286_v286.csv,1,0.8033724348376294
v286_v286.csv,1,0.6860092938124001
v286_v286.csv,1,0.7418268827024557
v286_v286.csv,1,0.8190685863687683
v286_v286.csv,1,0.5887734903382582
v286_v286.csv,1,0.39286400284988154
v286_v286.csv,1,0.5086797048444591
v286_v286.csv,1,0.7300983385322599
v286_v286.csv,1,0.6953997875541811
v286_v286.csv,1,0.723240228678061
v286_v286.csv,1,0.7531022071389897
v286_v286.csv,1,0.811967658250234
v286_v286.csv,1,0.7722305493469155
v286_v286.csv,1,0.5338294295139852
v286_v286.csv,1,0.4189795954027926
v286_v286.csv,1,0.45854845152453727
v286_v286.csv,1,0.4006909872704858
v286_v286.csv,1,0.4298319740224268
v286_v286.csv,1,0.4834327477513911
v286_v286.csv,1,0.5364870775499093
v286_v286.csv,1,0.5864645345737163
v286_v286.csv,1,0.6479006621715238
v286_v286.csv,1,0.6920940619863041
v286_v286.csv,1,0.8430431124193185
v286_v286.csv,1,0.7048689464181868
v286_v286.csv,1,0.695196315434047
v286_v286.csv,1,0.7166328741136612
v286_v286.csv,1,0.7428376127936538
v286_v286.csv,1,0.6221782978965611
v286_v286.csv,1,0.7344016321703868
v286_v286.csv,1,0.785028804865552
v286_v286.csv,1,0.8008114955460486
v286_v286.csv,1,0.7098964553002451
v286_v286.csv,1,0.7091873525556207
v286_v286.csv,1,0.41967409673487
v286_v286.csv,1,0.40250460043515934
v286_v286.csv,1,0.6164254522270816
v286_v286.csv,1,0.763159546539578
v286_v286.csv,1,0.7523328001538454
v286_v286.csv,1,0.7664812157094381
v286_v286.csv,1,0.6301388217605819
v286_v286.csv,1,0.5701870231391091
v286_v286.csv,1,0.6148695226510617
v286_v286.csv,1,0.7550352990485014
v286_v286.csv,1,0.715192480591254
v286_v286.csv,1,0.6979237513847645
v286_v286.csv,1,0.7182664618166821
v286_v286.csv,1,0.7290144037444488
v286_v286.csv,1,0.6993297819810302
v286_v286.csv,1,0.7114277448928141
v286_v286.csv,1,0.7217118219990795
v286_v286.csv,1,0.7958053645527468
v286_v286.csv,1,0.6686820575430659
v286_v286.csv,1,0.6322198982676701
v286_v286.csv,1,0.6939200488352606
v286_v286.csv,1,0.6895995730702045
v286_v286.csv,1,0.7508219814027486
v286_v286.csv,1,0.776937342435231
v286_v286.csv,1,0.6553153471879534
v286_v286.csv,1,0.7080392425311262
v286_v286.csv,1,0.7280591097337417
v286_v286.csv,1,0.6701397636383288
v286_v286.csv,1,0.8330256386965367
v286_v286.csv,1,0.8007829712691406
v286_v286.csv,1,0.7449821441808
v286_v286.csv,1,0.7123185621998238
v286_v286.csv,1,0.7496037592787697
v286_v286.csv,1,0.7356286874441289
v286_v286.csv,1,0.723023046654165
v286_v286.csv,1,0.673017097799899
v286_v286.csv,1,0.7274561234356787
v286_v286.csv,1,0.7864740976054279
v286_v286.csv,1,0.647125411782056
v286_v286.csv,1,0.6150067858716479
v286_v286.csv,1,0.6195638081543677
v286_v286.csv,1,0.8046712842935189
v286_v286.csv,1,0.806548877058908
v286_v286.csv,1,0.7145098270465664
v286_v286.csv,1,0.7906201966894679
v286_v286.csv,1,0.7362667528980533
v286_v286.csv,1,0.7429477686280936
v286_v286.csv,1,0.7555399530270037
v286_v286.csv,1,0.6538229311423103
v286_v286.csv,1,0.7010634310777428
v286_v286.csv,1,0.7277877369825783
v286_v286.csv,1,0.691419208783342
v286_v286.csv,1,0.689420818695968
v286_v286.csv,1,0.9657983792899008
v286_v286.csv,1,0.8911756753070619
v286_v286.csv,1,0.7839706561300681
v286_v286.csv,1,0.8015534653205147
v286_v286.csv,1,0.8461661579226316
v286_v286.csv,1,0.7892767362948168
v286_v286.csv,1,0.685157421515993
v286_v286.csv,1,0.6354573707450415
v286_v286.csv,1,0.7756856203513238
v286_v286.csv,1,0.6846973394084981
v286_v286.csv,1,0.5975416291981395
v286_v286.csv,1,0.6724396620768771
v286_v286.csv,1,0.6932166705995702
v286_v286.csv,1,0.7083072089045994
v286_v286.csv,1,0.6941079654185947
v286_v286.csv,1,0.780360940987336
v286_v286.csv,1,0.7988174688035996
v286_v286.csv,1,0.7020396317242579
v286_v286.csv,1,0.736774169728903
v286_v286.csv,1,0.6707927829040949
v286_v286.csv,1,0.732786799071218
v286_v286.csv,1,0.7156902334798616
v286_v286.csv,1,0.7299018745957278
v286_v286.csv,1,0.7645671402717107
v286_v286.csv,1,0.7074720880327181
v286_v286.csv,1,0.7095756283732371
v286_v286.csv,1,0.7454707592635694
v286_v286.csv,1,0.6310240161995568
v286_v286.csv,1,0.5883255059279602
v286_v286.csv,1,0.622648149651138
v286_v286.csv,1,0.8053625897698131
v286_v286.csv,1,0.7879627942968201
v286_v286.csv,1,0.9174905639868656
v286_v286.csv,1,0.6966975843544434
v286_v286.csv,1,0.6818718581690524
v286_v286.csv,1,0.7216561785896971
v286_v286.csv,1,0.7179074179545504
v286_v286.csv,1,0.7345322257663627
v286_v286.csv,1,0.7784492844817921
v286_v286.csv,1,0.6889117200916761
v286_v286.csv,1,0.6960754570023808
v286_v286.csv,1,0.742896221634676
v286_v286.csv,1,0.7749727445746815
v286_v286.csv,1,0.5955979840084118
v286_v286.csv,1,0.7062290011637895
v286_v286.csv,1,0.6611038352388818
v286_v286.csv,1,0.7815343823228336
v286_v286.csv,1,0.721920996876142
v286_v286.csv,1,0.6829556041867946
v286_v286.csv,1,0.7324678998872063
v286_v286.csv,1,0.6691817389392418
v286_v286.csv,1,0.6247520684162433
v286_v286.csv,1,0.6058229491944669
v286_v286.csv,1,0.6525931609600275
v286_v286.csv,1,0.6485041201297959
v286_v286.csv,1,0.6438169288109341
v286_v286.csv,1,0.582302382867244
v286_v286.csv,1,0.6573124370338448
v286_v286.csv,1,0.6049911681836377
v286_v286.csv,1,0.6359338934859764
v286_v286.csv,1,0.6956036776273016
v286_v286.csv,1,0.690710010776038
v286_v286.csv,1,0.6993807537703787
v286_v286.csv,1,0.7147239489159936
v286_v286.csv,1,0.7368777704068723
v286_v286.csv,1,0.7260039215204999
v286_v286.csv,1,0.7281390460802966
v286_v286.csv,1,0.6522303964741134
v286_v286.csv,1,0.7017858641113981
v286_v286.csv,1,0.68747796360292
v286_v286.csv,1,0.6928003850939737
v286_v286.csv,1,0.5963722166904444
v286_v286.csv,1,0.6634790616084749
v286_v286.csv,1,0.6785535024587244
v286_v286.csv,1,0.6488788499953513
v286_v286.csv,1,0.6800744465013686
v286_v286.csv,1,0.7038820697028507
v286_v286.csv,1,0.7955973177165401
v286_v286.csv,1,0.5894069624626526
v286_v286.csv,1,0.5738922255457375
v286_v286.csv,1,0.6413275838696411
v286_v286.csv,1,0.703351118815088
v286_v286.csv,1,0.6133068265095276
v286_v286.csv,1,0.6930575517442494
v286_v286.csv,1,0.7407992620156811
v286_v286.csv,1,0.7577085257580096
v286_v286.csv,1,0.7250881278558814
v286_v286.csv,1,0.6908224455341503
v286_v286.csv,1,0.5339232310032989
v286_v286.csv,1,0.6180023658425222
v286_v286.csv,1,0.6432679241035375
v286_v286.csv,1,0.6537537551474806
v286_v286.csv,1,0.6255074774480973
v286_v286.csv,1,0.6274496676892838
v286_v286.csv,1,0.7212665833866145
v286_v286.csv,1,0.7615646607368323
v286_v286.csv,1,0.6316548083737259
v286_v286.csv,1,0.7255007571220169
v286_v286.csv,1,0.759338433113407
v286_v286.csv,1,0.7395560940712791
v286_v286.csv,1,0.6618412576968353
v286_v286.csv,1,0.5827503145544477
v286_v286.csv,1,0.6444775435784833
v286_v286.csv,1,0.8786235339925561
v286_v286.csv,1,0.7838377649981934
v286_v286.csv,1,0.7492501270425267
v286_v286.csv,1,0.7041731737665766
v286_v286.csv,1,0.6517455068723921
v286_v286.csv,1,0.8139642419501132
v286_v286.csv,1,0.7934874340276785
v286_v286.csv,1,0.7430989515352335
v286_v286.csv,1,0.7251498501089073
v286_v286.csv,1,0.5890796627849957
v286_v286.csv,1,0.6538997648603369
v286_v286.csv,1,0.7746724204485402
v286_v286.csv,1,0.7175063716692325
v286_v286.csv,1,0.7003664777215968
v286_v286.csv,1,0.666614098105613
v286_v286.csv,1,0.7769640027329503
v286_v286.csv,1,0.6866649892003642
v286_v286.csv,1,0.7358065008949817
v286_v286.csv,1,0.8021437782797207
v286_v286.csv,1,0.7896570891924495
v286_v286.csv,1,0.7641769354748913
v286_v286.csv,1,0.6814048731349143
v286_v286.csv,1,0.650369700876233
v286_v286.csv,1,0.6934451989212231
v286_v286.csv,1,0.7037098767128116
v286_v286.csv,1,0.64817319242007
v286_v286.csv,1,0.7524119663733555
v286_v286.csv,1,0.7350105111645262
v286_v286.csv,1,0.7370372532701377
v286_v286.csv,1,0.7411138642189044
v286_v286.csv,1,0.6706352301203351
v286_v286.csv,1,0.6650306276320057
v286_v286.csv,1,0.4671028183306629
v286_v286.csv,1,0.2814755511837497
v286_v286.csv,1,0.30532022769434164
v286_v286.csv,1,0.5038158788588003
v286_v286.csv,1,0.6850098542348806
v286_v286.csv,1,0.6641638851445495
v286_v286.csv,1,0.4498458675359305
v286_v286.csv,1,0.28279483679353623
v286_v286.csv,1,0.45435049254945836
v286_v286.csv,1,0.5174490396912814
v286_v286.csv,1,0.7394395071175426
v286_v286.csv,1,0.6147554311448085
v286_v286.csv,1,0.5173199418289673
v286_v286.csv,1,0.5702160588421488
v286_v286.csv,1,0.6473195628731179
v286_v286.csv,1,0.6559902833416471
v286_v286.csv,1,0.7731979548334738
v286_v286.csv,1,0.8251762790738533
v286_v286.csv,1,0.7220118279306891
v286_v286.csv,1,0.667773542296727
v286_v286.csv,1,0.7272199084987712
v286_v286.csv,1,0.7278150872390801
v286_v286.csv,1,0.7132190156650693
v286_v286.csv,1,0.8447111623139736
v286_v286.csv,1,0.719829023562141
v286_v286.csv,1,0.712587099489737
v286_v286.csv,1,0.7346613678485561
v286_v286.csv,1,0.688239236843883
v286_v286.csv,1,0.6744054905735499
v286_v286.csv,1,0.6777521260203203
v286_v286.csv,1,0.7147284933257625
v286_v286.csv,1,0.6888179121574405
v286_v286.csv,1,0.683492789582258
v286_v286.csv,1,0.6655418178342027
v286_v286.csv,1,0.7585293685539769
v286_v286.csv,1,0.6686926399507098
v286_v286.csv,1,0.7013823801060126
v286_v286.csv,1,0.6431751033236743
v286_v286.csv,1,0.5293199775414252
v286_v286.csv,1,0.6188990944234813
v286_v286.csv,1,0.8305970588915028
v286_v286.csv,1,0.7377883443694593
v286_v286.csv,1,0.721738491180064
v286_v286.csv,1,0.7316582470746504
v286_v286.csv,1,0.7063284737153936
v286_v286.csv,1,0.7014135988518029
v286_v286.csv,1,0.6925771847537932
v286_v286.csv,1,0.6772594665087017
v286_v286.csv,1,0.657950239546992
v286_v286.csv,1,0.8140304976771926
v286_v286.csv,1,0.8144049966730069
v286_v286.csv,1,0.7040260254315931
v286_v286.csv,1,0.5698505562766543
v286_v286.csv,1,0.6713616025991427
v286_v286.csv,1,0.7316678431115071
v286_v286.csv,1,0.658383522579403
v286_v286.csv,1,0.680696829322522
v286_v286.csv,1,0.6824797958168358
v286_v286.csv,1,0.5826561216547819
v286_v286.csv,1,0.6488923628349772
v286_v286.csv,1,0.6612786988538568
v286_v286.csv,1,0.7637011944910514
v286_v286.csv,1,0.712964049037144
v286_v286.csv,1,0.7148240624256998
v286_v286.csv,1,0.6368101299304079
v286_v286.csv,1,0.5308421641164438
v286_v286.csv,1,0.7383594711949333
v286_v286.csv,1,0.722094804734907
v286_v286.csv,1,0.7594407026524279
v286_v286.csv,1,0.7463205171207856
v286_v286.csv,1,0.6918025641326149
v286_v286.csv,1,0.6753059933094949
v286_v286.csv,1,0.6840316660375727
v286_v286.csv,1,0.6854468963548674
v286_v286.csv,1,0.7773268626245136
v286_v286.csv,1,0.7196956007072131
v286_v286.csv,1,0.6602172545340457
v286_v286.csv,1,0.7428893399034728
v286_v286.csv,1,0.6911182260239794
v286_v286.csv,1,0.6424943433437855
v286_v286.csv,1,0.5936727449334116
v286_v286.csv,1,0.6780901879704335
v286_v286.csv,1,0.6627889085900076
v286_v286.csv,1,0.6123527197783001
v286_v286.csv,1,0.5693889095700357
v286_v286.csv,1,0.6358591671070974
v286_v286.csv,1,0.6999249103280558
v286_v286.csv,1,0.703451074739228
v286_v286.csv,1,0.6621680581819214
v286_v286.csv,1,0.5028396911006219
v286_v286.csv,1,0.6781656550475645
v286_v286.csv,1,0.6603542894738044
v286_v286.csv,1,0.6910847864930694
v286_v286.csv,1,0.7082956722915204
v286_v286.csv,1,0.5830728351421088
v286_v286.csv,1,0.6096500254681283
v286_v286.csv,1,0.6658374445480622
v286_v286.csv,1,0.40113438254012834
v286_v286.csv,1,0.22622131987603522
v286_v286.csv,1,0.3970190511316387
v286_v286.csv,1,0.5194583212803234
v286_v286.csv,1,0.48370246518581217
v286_v286.csv,1,0.7263318201080762
v286_v286.csv,1,0.6858209542688338
v286_v286.csv,1,0.5182404960557676
v286_v286.csv,1,0.607387870251495
v286_v286.csv,1,0.6682004092030911
v286_v286.csv,1,0.4385013964159472
v286_v286.csv,1,0.4860898903518245
v286_v286.csv,1,0.5671732027737724
v286_v286.csv,1,0.6422009205110868
v286_v286.csv,1,0.6551216417164167
v286_v286.csv,1,0.6956207395784006
v286_v286.csv,1,0.6352087384647565
v286_v286.csv,1,0.691506281229818
v286_v286.csv,1,0.7033148285603108
v286_v286.csv,1,0.6667497035081831
v286_v286.csv,1,0.7055263897505197
v286_v286.csv,1,0.6319447615616247
v286_v286.csv,1,0.4822147240840673
v286_v286.csv,1,0.3093212214576466
v286_v286.csv,1,0.26904409012184916
v286_v286.csv,1,0.628690388378156
v286_v286.csv,1,0.6816815830172627
v286_v286.csv,1,0.7537219940047795
v286_v286.csv,1,0.7185129991840169
v286_v286.csv,1,0.6800043320164431
v286_v286.csv,1,0.6675390658687999
v286_v286.csv,1,0.658933932827523
v286_v286.csv,1,0.6051732934821654
v286_v286.csv,1,0.6900845579794628
v286_v286.csv,1,0.7544450226855264
v286_v286.csv,1,0.7114569167699312
v286_v286.csv,1,0.6236241893923866
v286_v286.csv,1,0.6798612844295242
v286_v286.csv,1,0.7665572217306287
v286_v286.csv,1,0.7974121449316467
v286_v286.csv,1,0.7092055925271019
v286_v286.csv,1,0.6659908845174431
v286_v286.csv,1,0.5045699520989482
v286_v286.csv,1,0.542423688895838
v286_v286.csv,1,0.6598409323795065
v286_v286.csv,1,0.7174057018251614
v286_v286.csv,1,0.7219817863013431
v286_v286.csv,1,0.619152715367
v286_v286.csv,1,0.4656357837493452
v286_v286.csv,1,0.6546308964027112
v286_v286.csv,1,0.798817685703332
v286_v286.csv,1,0.7921121838422134
v286_v286.csv,1,0.7855702953344053
v286_v286.csv,1,0.748858374159775
v286_v286.csv,1,0.7072951785766652
v286_v286.csv,1,0.6427963079549008
v286_v286.csv,1,0.6131390655942335
v286_v286.csv,1,0.5881332559014245
v286_v286.csv,1,0.6744601341092205
v286_v286.csv,1,0.7965566094389858
v286_v286.csv,1,0.6973306185776349
v286_v286.csv,1,0.7110621420637564
v286_v286.csv,1,0.6763470235359166
v286_v286.csv,1,0.7172203320712329
v286_v286.csv,1,0.8097894049873817
v286_v286.csv,1,0.6830284292461255
v286_v286.csv,1,0.7720369350677259
v286_v286.csv,1,0.7467056413409425
v286_v286.csv,1,0.7355384620297589
v286_v286.csv,1,0.5531536089852906
v286_v286.csv,1,0.581866912488517
v286_v286.csv,1,0.6447153043149552
v286_v286.csv,1,0.7719210758056541
v286_v286.csv,1,0.745427796000051
v286_v286.csv,1,0.7668024950228101
v286_v286.csv,1,0.8219571057496533
v286_v286.csv,1,0.837828437188251
v286_v286.csv,1,0.6182232535824066
v286_v286.csv,1,0.5878380796309268
v286_v286.csv,1,0.592108453786528
v286_v286.csv,1,0.6295207841556807
v286_v286.csv,1,0.7438116675870741
v286_v286.csv,1,0.7512451420961277
v286_v286.csv,1,0.7077872580656437
v286_v286.csv,1,0.7905250501469032
v286_v286.csv,1,0.7046729962856642
v286_v286.csv,1,0.621423517697524
v286_v286.csv,1,0.7487195231397652
v286_v286.csv,1,0.6326462244990041
v286_v286.csv,1,0.6269591942350337
v286_v286.csv,1,0.6828855093082535
v286_v286.csv,1,0.7793339784965814
v286_v286.csv,1,0.8070983822089604
v286_v286.csv,1,0.7317594358943187
v286_v286.csv,1,0.6716430931939765
v286_v286.csv,1,0.7666888925717288
v286_v286.csv,1,0.6304390815027388
v286_v286.csv,1,0.6779215611832754
v286_v286.csv,1,0.6961983149221576
v286_v286.csv,1,0.5982476608774947
v286_v286.csv,1,0.7039628133343916
v286_v286.csv,1,0.6922666102443853
v286_v286.csv,1,0.7157532764388344
v286_v286.csv,1,0.6085758979502609
v286_v286.csv,1,0.5791810325046267
v286_v286.csv,1,0.6982625681107848
v286_v286.csv,1,0.7307967273866005
v286_v286.csv,1,0.8306026409908469
v286_v286.csv,1,0.8236645380517822
v286_v286.csv,1,0.7326741288498653
v286_v286.csv,1,0.5962563492770423
v286_v286.csv,1,0.6035616819925691
v286_v286.csv,1,0.6823404131342854
v286_v286.csv,1,0.6265048890783524
v286_v286.csv,1,0.6993127971732975
v286_v286.csv,1,0.6632957714851391
v286_v286.csv,1,0.6568285778014791
v286_v286.csv,1,0.7011482217622982
v286_v286.csv,1,0.7756790165756722
v286_v286.csv,1,0.6888755357198999
v286_v286.csv,1,0.7048039231963186
v286_v286.csv,1,0.6452627675944522
v286_v286.csv,1,0.6839139357396999
v286_v286.csv,1,0.6097945897998502
v286_v286.csv,1,0.6283111129477779
v286_v286.csv,1,0.7628700698511612
v286_v286.csv,1,0.6336346201118626
v286_v286.csv,1,0.7693011550346949
v286_v286.csv,1,0.7399453139707872
v286_v286.csv,1,0.7217441112222094
v286_v286.csv,1,0.751367993489013
v286_v286.csv,1,0.6524396578667817
v286_v286.csv,1,0.7029211365039867
v286_v286.csv,1,0.7207220483530725
v286_v286.csv,1,0.6820445018883907
v286_v286.csv,1,0.6694162449481902
v286_v286.csv,1,0.7285991296179626
v286_v286.csv,1,0.6223068610393172
v286_v286.csv,1,0.6774491904787774
v286_v286.csv,1,0.7303400041674704
v286_v286.csv,1,0.6743209541134765
v286_v286.csv,1,0.6315848269105748
v286_v286.csv,1,0.6769406939056033
v286_v286.csv,1,0.7571544443422691
v286_v286.csv,1,0.7370432918588188
v286_v286.csv,1,0.7565718388877332
v286_v286.csv,1,0.7111982125370773
v286_v286.csv,1,0.7031531845016858
v286_v286.csv,1,0.7639452611024966
v286_v286.csv,1,0.643855698078994
v286_v286.csv,1,0.7177111461707053
v286_v286.csv,1,0.7341896151744525
v286_v286.csv,1,0.7833478507464688
v286_v286.csv,1,0.6630109218230813
v286_v286.csv,1,0.6871987346445647
v286_v286.csv,1,0.6445867994576533
v286_v286.csv,1,0.6866554225808503
v286_v286.csv,1,0.6949060572569685
v286_v286.csv,1,0.6539736738303228
v286_v286.csv,1,0.7210201359261146
v286_v286.csv,1,0.6831864515513151
v286_v286.csv,1,0.7644702634560798
v286_v286.csv,1,0.694465566743879
v286_v286.csv,1,0.628339264869207
v286_v286.csv,1,0.6641494058220054
v286_v286.csv,1,0.6391264399151169
v286_v286.csv,1,0.7255482500752781
v286_v286.csv,1,0.7172651785578537
v286_v286.csv,1,0.6182162080382181
v286_v286.csv,1,0.7397847401819151
v286_v286.csv,1,0.6979475547100087
v286_v286.csv,1,0.6743675554987467
v286_v286.csv,1,0.6713157469733524
v286_v286.csv,1,0.6176338225597799
v286_v286.csv,1,0.5654287890937768
v286_v286.csv,1,0.6753062320761978
v286_v286.csv,1,0.6938984370996533
v286_v286.csv,1,0.7605956967453769
v286_v286.csv,1,0.6539611665328589
v286_v286.csv,1,0.5918933105844824
v286_v286.csv,1,0.6258627682584397
v286_v286.csv,1,0.7169545868709704
v286_v286.csv,1,0.6975668781876365
v286_v286.csv,1,0.7646806257729408
v286_v286.csv,1,0.6836318344598555
v286_v286.csv,1,0.6939974918014404
v286_v286.csv,1,0.6546121526688546
v286_v286.csv,1,0.6347425200445436
v286_v286.csv,1,0.5938187888120909
v286_v286.csv,1,0.6199761385288554
v286_v286.csv,1,0.6576111502792958
v286_v286.csv,1,0.6112708148339028
v286_v286.csv,1,0.5405540907128397
v286_v286.csv,1,0.5294661306723345
v286_v286.csv,1,0.6365705071853434
v286_v286.csv,1,0.6678147865052453
v286_v286.csv,1,0.7314119309338261
v286_v286.csv,1,0.6581642918866901
v286_v286.csv,1,0.6729038586721674
v286_v286.csv,1,0.7330446832368471
v286_v286.csv,1,0.718343210553368
v286_v286.csv,1,0.6886325275544101
v286_v286.csv,1,0.7390168353491284
v286_v286.csv,1,0.7145871612680548
v286_v286.csv,1,0.6642154022204596
v286_v286.csv,1,0.6269541374113228
v286_v286.csv,1,0.7455625324616761
v286_v286.csv,1,0.7011855670123452
v286_v286.csv,1,0.6426813865281451
v286_v286.csv,1,0.5949563040484529
v286_v286.csv,1,0.5967879443609139
v286_v286.csv,1,0.6607466408205003
v286_v286.csv,1,0.6470098809180262
v286_v286.csv,1,0.6871065959304459
v286_v286.csv,1,0.5985969215124771
v286_v286.csv,1,0.5493890506504311
v286_v286.csv,1,0.6177313045903383
v286_v286.csv,1,0.6484403820949893
v286_v286.csv,1,0.6288125698043361
v286_v286.csv,1,0.7452819237965298
v286_v286.csv,1,0.7142953470995943
v286_v286.csv,1,0.7000165724557545
v286_v286.csv,1,0.6857952084647954
v286_v286.csv,1,0.6992587978282767
v286_v286.csv,1,0.6387510603719404
v286_v286.csv,1,0.6806091706947592
v286_v286.csv,1,0.7801953604012932
v286_v286.csv,1,0.7509849936994937
v286_v286.csv,1,0.6516925715411523
v286_v286.csv,1,0.6365296786477068
v286_v286.csv,1,0.6527413130314583
v286_v286.csv,1,0.7007640209028256
v286_v286.csv,1,0.6378266910727026
v286_v286.csv,1,0.6478983044604085
v286_v286.csv,1,0.664358934295477
v286_v286.csv,1,0.7381005147633206
v286_v286.csv,1,0.7155576628165696
v286_v286.csv,1,0.6533903806099204
v286_v286.csv,1,0.6815261231571208
v286_v286.csv,1,0.5805695413573995
v286_v286.csv,1,0.6844105339382498
v286_v286.csv,1,0.6833457990882286
v286_v286.csv,1,0.5960977432844414
v286_v286.csv,1,0.6565171884313799
v286_v286.csv,1,0.6891195925408398
v286_v286.csv,1,0.6771647469169206
v286_v286.csv,1,0.5341642478978161
v286_v286.csv,1,0.5904590999699524
v286_v286.csv,1,0.6620803653261884
v286_v286.csv,1,0.6505807103133385
v286_v286.csv,1,0.5597918089749845
v286_v286.csv,1,0.6357297142762341
v286_v286.csv,1,0.6809224864588019
v286_v286.csv,1,0.520994166440437
v286_v286.csv,1,0.5556052391900277
v286_v286.csv,1,0.6159216003602115
v286_v286.csv,1,0.7092972704740901
v286_v286.csv,1,0.7529615151468345
v286_v286.csv,1,0.7140062169802346
v286_v286.csv,1,0.7367842837994889
v286_v286.csv,1,0.7582670367751843
v286_v286.csv,1,0.6105378308677425
v286_v286.csv,1,0.7796804992351181
v286_v286.csv,1,0.6380826004334987
v286_v286.csv,1,0.6534901582152055
v286_v286.csv,1,0.7598750054043242
v286_v286.csv,1,0.7336249169596236
v286_v286.csv,1,0.5837990939507911
v286_v286.csv,1,0.32871062121313566
v286_v286.csv,1,0.33217637935513133
v286_v286.csv,1,0.6653300615603985
v286_v286.csv,1,0.7261743639927922
v286_v286.csv,1,0.678112813361353
v286_v286.csv,1,0.6714596095948333
v286_v286.csv,1,0.6232678606869873
v286_v286.csv,1,0.6570671696430059
v286_v286.csv,1,0.7457974254675999
v286_v286.csv,1,0.6626143639884905
v286_v286.csv,1,0.6359975998856613
v286_v286.csv,1,0.7519225439051129
v286_v286.csv,1,0.7117831078768111
v286_v286.csv,1,0.7719561105337016
v286_v286.csv,1,0.8538640118738252
v286_v286.csv,1,0.7356652055435822
v286_v286.csv,1,0.729088716142511
v286_v286.csv,1,0.7715401743627393
v286_v286.csv,1,0.7217028138617265
v286_v286.csv,1,0.552817855458124
v286_v286.csv,1,0.7412159066920081
v286_v286.csv,1,0.6654338381118552
v286_v286.csv,1,0.65720400328602
v286_v286.csv,1,0.6069592298286062
v286_v286.csv,1,0.5918356599136816
v286_v286.csv,1,0.7074774645160558
v286_v286.csv,1,0.7138523413511155
v286_v286.csv,1,0.6093369880264792
v286_v286.csv,1,0.8351479843430969
v286_v286.csv,1,0.7420762324633436
v286_v286.csv,1,0.6633135683793894
v286_v286.csv,1,0.7775089419688612
v286_v286.csv,1,0.7707900271811976
v286_v286.csv,1,0.732006894289055
v286_v286.csv,1,0.800209068544472
v286_v286.csv,1,0.7873915816178854
v286_v286.csv,1,0.7317094201797523
v286_v286.csv,1,0.7520352839437812
v286_v286.csv,1,0.6526507751224271
v286_v286.csv,1,0.6991586931804759
v286_v286.csv,1,0.7980663260109337
v286_v286.csv,1,0.7089990262382906
v286_v286.csv,1,0.6965099267492119
v286_v286.csv,1,0.7838733552421187
v286_v286.csv,1,0.6884259110848459
v286_v286.csv,1,0.737536245024919
v286_v286.csv,1,0.7419303566480497
v286_v286.csv,1,0.683320387917997
v286_v286.csv,1,0.5013172521502276
v286_v286.csv,1,0.5793448565659807
v286_v286.csv,1,0.7234718783485317
v286_v286.csv,1,0.6594822121207602
v286_v286.csv,1,0.653557003707661
v286_v286.csv,1,0.8187118566703826
v286_v286.csv,1,0.6473438593521181
v286_v286.csv,1,0.7476304940664491
v286_v286.csv,1,0.7879451279066956
v286_v286.csv,1,0.7686763271786314
v286_v286.csv,1,0.6947980618389691
v286_v286.csv,1,0.7261500751580274
v286_v286.csv,1,0.7512960391310868
v286_v286.csv,1,0.7579518620879822
v286_v286.csv,1,0.7057904680661462
v286_v286.csv,1,0.7837819434716153
v286_v286.csv,1,0.686542727449134
v286_v286.csv,1,0.7090190630816262
v286_v286.csv,1,0.7153693016400742
v286_v286.csv,1,0.7098529526010116
v286_v286.csv,1,0.7223918039234722
v286_v286.csv,1,0.7114600932012904
v286_v286.csv,1,0.7569041256927775
v286_v286.csv,1,0.7356385795536324
v286_v286.csv,1,0.6713354460936936
v286_v286.csv,1,0.7247631815310149
v286_v286.csv,1,0.753571853317414
v286_v286.csv,1,0.7037485352280521
v286_v286.csv,1,0.615646858304828
v286_v286.csv,1,0.6210124510271218
v286_v286.csv,1,0.6249822972033301
v286_v286.csv,1,0.7279948628940929
v286_v286.csv,1,0.6738851746986065
v286_v286.csv,1,0.6485948436242999
v286_v286.csv,1,0.7524452108571031
v286_v286.csv,1,0.6721675445360691
v286_v286.csv,1,0.6265708503191374
v286_v286.csv,1,0.7465107599870433
v286_v286.csv,1,0.7359045371391839
v286_v286.csv,1,0.6978168409101473
v286_v286.csv,1,0.7459034479268238
v286_v286.csv,1,0.6568516055954321
v286_v286.csv,1,0.5423083587408679
v286_v286.csv,1,0.7411677059300703
v286_v286.csv,1,0.5961110217340226
v286_v286.csv,1,0.6713680609845611
v286_v286.csv,1,0.769986703209264
v286_v286.csv,1,0.6375368547356279
v286_v286.csv,1,0.7038463081013533
v286_v286.csv,1,0.7683046082058254
v286_v286.csv,1,0.7452339823585361
v286_v286.csv,1,0.7669565668113498
v286_v286.csv,1,0.6939023842143004
v286_v286.csv,1,0.6698308690481323
v286_v286.csv,1,0.6456848367705716
v286_v286.csv,1,0.6314335824803892
v286_v286.csv,1,0.7018734728318745
v286_v286.csv,1,0.6667613473743201
v286_v286.csv,1,0.739540412242925
v286_v286.csv,1,0.7068834382970612
v286_v286.csv,1,0.6397144159273429
v286_v286.csv,1,0.7387454663127424
v286_v286.csv,1,0.8019914938362906
v286_v286.csv,1,0.7098060006370441
v286_v286.csv,1,0.7087477305126488
v286_v286.csv,1,0.7199403289904223
v286_v286.csv,1,0.5918587132049238
v286_v286.csv,1,0.5557315741739215
v286_v286.csv,1,0.7047777353070446
v286_v286.csv,1,0.7072061084237284
v286_v286.csv,1,0.6057527747716285
v286_v286.csv,1,0.7137810628325183
v286_v286.csv,1,0.7394634645039835
v286_v286.csv,1,0.7123413249428494
v286_v286.csv,1,0.7779292131205437
v286_v286.csv,1,0.7385487308955838
v286_v286.csv,1,0.511167116110526
v286_v286.csv,1,0.6396126935157809
v286_v286.csv,1,0.7569258350828143
v286_v286.csv,1,0.7830797687814868
v286_v286.csv,1,0.7737423915908099
v286_v286.csv,1,0.7026650704995192
v286_v286.csv,1,0.7744977138687559
v286_v286.csv,1,0.8174007298847128
v286_v286.csv,1,0.7319121325324418
v286_v286.csv,1,0.7470452183409044
v286_v286.csv,1,0.801634994841971
v286_v286.csv,1,0.767226999567399
v286_v286.csv,1,0.793809308883485
v286_v286.csv,1,0.8230720699517966
v286_v286.csv,1,0.7903656267078181
v286_v286.csv,1,0.794821448350131
v286_v286.csv,1,0.845796193282621
v286_v286.csv,1,0.8427728814549402
v286_v286.csv,1,0.8016868117307254
v286_v286.csv,1,0.7803416040022317
v286_v286.csv,1,0.8586052803916542
v286_v286.csv,1,0.829982711876895
v286_v286.csv,1,0.750717033460226
v286_v286.csv,1,0.7680969136140043
v286_v286.csv,1,0.7941697576518543
v286_v286.csv,1,0.90221633911003
v286_v286.csv,1,0.9686531985836164
v286_v286.csv,1,0.8279242234963373
v286_v286.csv,1,0.8970393208923464
v286_v286.csv,1,0.9002336953923953
v286_v286.csv,1,0.8525656315965899
v286_v286.csv,1,0.7886483166821572
v286_v286.csv,1,0.8497867253185358
v286_v286.csv,1,0.843563395663395
v286_v286.csv,1,0.7066597599254614
v286_v286.csv,1,0.6635801005917599
v286_v286.csv,1,0.8197022352419685
v286_v286.csv,1,0.8921425073894449
v286_v286.csv,1,0.8967402253957055
v286_v286.csv,1,0.7975320902770964
v286_v286.csv,1,0.8891461559301819
v286_v286.csv,1,0.933373114559338
v286_v286.csv,1,0.7614546546777583
v286_v286.csv,1,0.7130284585514004
v286_v286.csv,1,0.7001669988618455
v286_v286.csv,1,0.8491550601498616
v286_v286.csv,1,0.7440478969683761
v286_v286.csv,1,0.6977647738170183
v286_v286.csv,1,0.7178986707707393
v286_v286.csv,1,0.806527422673085
v286_v286.csv,1,0.8166951888269471
v286_v286.csv,1,0.8354474582903046
v286_v286.csv,1,0.7787530065534942
v286_v286.csv,1,0.7835624483885071
v286_v286.csv,1,0.728025431008223
v286_v286.csv,1,0.7453164296909089
v286_v286.csv,1,0.8760942927285171
v286_v286.csv,1,0.9128253316948411
v286_v286.csv,1,0.8854754676243917
v286_v286.csv,1,0.7184525399383639
v286_v286.csv,1,0.8180741244961607
v286_v286.csv,1,0.8053322380342696
v286_v286.csv,1,0.7574251872973785
v286_v286.csv,1,0.772973443530526
v286_v286.csv,1,0.9052056605244712
v286_v286.csv,1,0.8173498735701283
v286_v286.csv,1,0.8034811428289808
v286_v286.csv,1,0.9601449077108857
v286_v286.csv,1,0.9102741936778664
v286_v286.csv,1,0.8567213989871854
v286_v286.csv,1,0.9105255520435409
v286_v286.csv,1,0.9048078950785525
v286_v286.csv,1,0.8677491656137604
v286_v286.csv,1,0.8206734829655509
v286_v286.csv,1,0.8329393815320998
v286_v286.csv,1,0.847849018730984
v286_v286.csv,1,0.828577807388108
v286_v286.csv,1,0.7935971387076628
v286_v286.csv,1,0.873744942926951
v286_v286.csv,1,0.9469588938255558
v286_v286.csv,1,0.9520582309560348
v286_v286.csv,1,0.8584278401035741
v286_v286.csv,1,0.8337872414900875
v286_v286.csv,1,0.7295210898590794
v286_v286.csv,1,0.815533625313289
v286_v286.csv,1,0.8692716880080527
v286_v286.csv,1,0.8166230537261803
v286_v286.csv,1,0.7015466014116636
v286_v286.csv,1,0.7723903237473579
v286_v286.csv,1,0.8071978354674911
v286_v286.csv,1,0.8379112988913779
v286_v286.csv,1,0.7466330352803694
v286_v286.csv,1,0.7387171298515183
v286_v286.csv,1,0.7977734855116698
v286_v286.csv,1,0.7574082935776207
v286_v286.csv,1,0.7085942351394858
v286_v286.csv,1,0.7216463862618405
v286_v286.csv,1,0.7751327470796929
v286_v286.csv,1,0.7247707885228611
v286_v286.csv,1,0.7798903090032137
v286_v286.csv,1,0.7755201160741638
v286_v286.csv,1,0.695843003591694
v286_v286.csv,1,0.7671676571535584
v286_v286.csv,1,0.7355072028281042
v286_v286.csv,1,0.8522548604945452
v286_v286.csv,1,0.8756261839946693
v286_v286.csv,1,0.7892195769266261
v286_v286.csv,1,0.8584019054397096
v286_v286.csv,1,0.8190307761881308
v286_v286.csv,1,0.7274749861016558
v286_v286.csv,1,0.6946062178991674
v286_v286.csv,1,0.7673827425398478
v286_v286.csv,1,0.7026936584623265
v286_v286.csv,1,0.6695844338867087
v286_v286.csv,1,0.6968654726385437
v286_v286.csv,1,0.6989082158138915
v286_v286.csv,1,0.7434446145791562
v286_v286.csv,1,0.8697529578575152
v286_v286.csv,1,0.7846754119991108
v286_v286.csv,1,0.6902627373178167
v286_v286.csv,1,0.6919774473644114
v286_v286.csv,1,0.7707172430476987
v286_v286.csv,1,0.7537952038145677
v286_v286.csv,1,0.6043990552646021
v286_v286.csv,1,0.7402219525226585
v286_v286.csv,1,0.5674934678976364
v286_v286.csv,1,0.6812146976667641
v286_v286.csv,1,0.7627340209682099
v286_v286.csv,1,0.6043889760600614
v286_v286.csv,1,0.6148823469579683
v286_v286.csv,1,0.6689382933040351
v286_v286.csv,1,0.7346987949947832
v286_v286.csv,1,0.7380717320546886
v286_v286.csv,1,0.693901007410652
v286_v286.csv,1,0.6827498240983529
v286_v286.csv,1,0.5690341392979432
v286_v286.csv,1,0.7362470604634028
v286_v286.csv,1,0.8162937146058629
v286_v286.csv,1,0.7194009213671704
v286_v286.csv,1,0.6900165653232548
v286_v286.csv,1,0.7257340009650672
v286_v286.csv,1,0.6820860980628276
v286_v286.csv,1,0.6991195920710997
v286_v286.csv,1,0.6682371162712517
v286_v286.csv,1,0.7450827456475646
v286_v286.csv,1,0.7800076759008414
v286_v286.csv,1,0.8102436270509483
v286_v286.csv,1,0.7179080501836932
v286_v286.csv,1,0.6836419544164709
v286_v286.csv,1,0.8244584509209041
v286_v286.csv,1,0.6190324040636979
v286_v286.csv,1,0.5465815157261757
v286_v286.csv,1,0.6003748243914946
v286_v286.csv,1,0.7072062258246521
v286_v286.csv,1,0.8091771698203045
v286_v286.csv,1,0.7833559432101795
v286_v286.csv,1,0.6794726776373241
v286_v286.csv,1,0.6846062157228214
v286_v286.csv,1,0.7376354675956835
v286_v286.csv,1,0.6867308785865056
v286_v286.csv,1,0.6304522087538835
v286_v286.csv,1,0.6278695473097922
v286_v286.csv,1,0.7623473170571118
v286_v286.csv,1,0.7347553827028932
v286_v286.csv,1,0.7536251572657142
v286_v286.csv,1,0.7798003185473825
v286_v286.csv,1,0.8114780985819618
v286_v286.csv,1,0.6963375549378763
v286_v286.csv,1,0.6480153361510279
v286_v286.csv,1,0.5742229010081452
v286_v286.csv,1,0.36570043279245024
v286_v286.csv,1,0.6019532292925813
v286_v286.csv,1,0.7781030056073339
v286_v286.csv,1,0.5741875397391318
v286_v286.csv,1,0.5370546170174615
v286_v286.csv,1,0.7143952746533544
v286_v286.csv,1,0.7185047287347048
v286_v286.csv,1,0.7470308907107466
v286_v286.csv,1,0.7377197436486416
v286_v286.csv,1,0.8016983827904824
v286_v286.csv,1,0.7837893729479357
v286_v286.csv,1,0.7998912912196907
v286_v286.csv,1,0.7830727189937838
v286_v286.csv,1,0.8045995540354798
v286_v286.csv,1,0.741252945606266
v286_v286.csv,1,0.6424280278857091
v286_v286.csv,1,0.6931261853165673
v286_v286.csv,1,0.8474689773905566
v286_v286.csv,1,0.7369147246346901
v286_v286.csv,1,0.6773759600814033
v286_v286.csv,1,0.5556686694479875
v286_v286.csv,1,0.6377163902281966
v286_v286.csv,1,0.79377103182141
v286_v286.csv,1,0.6844210113337392
v286_v286.csv,1,0.7257474737901779
v286_v286.csv,1,0.7121329277003312
v286_v286.csv,1,0.7148275528581602
v286_v286.csv,1,0.7344083911616774
v286_v286.csv,1,0.8296976822666995
v286_v286.csv,1,0.8159324412658546
v286_v286.csv,1,0.7560899533759704
v286_v286.csv,1,0.7912342743252472
v286_v286.csv,1,0.7871047867765104
v286_v286.csv,1,0.7192670621067903
v286_v286.csv,1,0.7082488999769181
v286_v286.csv,1,0.5954172515922775
v286_v286.csv,1,0.6689787268832359
v286_v286.csv,1,0.7045550008279569
v286_v286.csv,1,0.7020734200517751
v286_v286.csv,1,0.628560917036491
v286_v286.csv,1,0.6615543590831714
v286_v286.csv,1,0.6365900087039056
v286_v286.csv,1,0.8195880725970066
v286_v286.csv,1,0.7729410080135621
v286_v286.csv,1,0.5983648299581521
v286_v286.csv,1,0.5797302087270051
v286_v286.csv,1,0.7584112781391683
v286_v286.csv,1,0.6712340936259205
v286_v286.csv,1,0.7778856351543029
v286_v286.csv,1,0.8092727785900595
v286_v286.csv,1,0.7666401549812605
v286_v286.csv,1,0.8006054741609141
v286_v286.csv,1,0.7874148345703191
v286_v286.csv,1,0.5142851556061152
v286_v286.csv,1,0.5799998427522075
v286_v286.csv,1,0.6245788933724938
v286_v286.csv,1,0.6791797950922671
v286_v286.csv,1,0.8367731216390473
v286_v286.csv,1,0.7155929012082525
v286_v286.csv,1,0.7127951683792317
v286_v286.csv,1,0.8572059765119939
v286_v286.csv,1,0.8480464041605584
v286_v286.csv,1,0.7911872879605846
v286_v286.csv,1,0.7791888152846553
v286_v286.csv,1,0.7033158873120149
v286_v286.csv,1,0.7196038766316804
v286_v286.csv,1,0.7921878067399577
v286_v286.csv,1,0.6822330844880606
v286_v286.csv,1,0.6665879257628404
v286_v286.csv,1,0.6754348901008362
v286_v286.csv,1,0.6400990477964137
v286_v286.csv,1,0.7234851863167862
v286_v286.csv,1,0.8305936277412238
v286_v286.csv,1,0.5649064963741139
v286_v286.csv,1,0.5524325472345044
v286_v286.csv,1,0.6118173629222481
v286_v286.csv,1,0.449110291140709
v286_v286.csv,1,0.5921062595095674
